mi_attempt_id	colony_name
16534	H-GEMIN5-DEL558-EM1-B6N
16714	jr30907
16528	TCPR0786_ADKX
16525	TCPR0783_ADKW
16628	TCPR0802_ADLB
16802	jr30995
16803	jr31025
16670	jr31033
16800	jr31037
16792	jr31045
17049	jr31107
17140	jr31114
17139	jr31115
17109	jr31116
16637	H-PODXL-DEL765-EM2-B6N
16621	jr30906
16845	CR1574
16529	TCPR0787_ADKY
16627	TCPR0801_ADLC
16642	H-ARHGEF9-DEL31-EM1-B6N
16804	jr30996
16629	TCPR0803_ADMA
16731	TCPR0832_ADME
16789	jr31035
16675	jr31038
16954	jr31039
17108	jr31108
16763	jr31113
16644	H-BSCL2-DEL2225-EM2-B6N
16527	TCPR0785_ADLA
17458	CR1448
16955	jr31016
16810	jr31017
16720	jr31021
16790	jr31022
16623	jr31026
16976	jr31031
16712	jr31044
16788	jr31042
16520	TCPR0809_ADMI
16728	TCPR0881_ADNJ
17052	jr31117
17048	jr31118
16676	jr30913
16679	jr30915
16569	CR1496
16577	CR1505
16588	CR1518
16589	CR1520
16686	CR1530
16692	CR1537
16850	CR1579
16852	CR1581
16859	CR1588
16862	CR1591
14935	jr28870
13609	DABD 
16524	TCPR0782_ADKU
16741	TCPR0837_ADNO
16979	jr31072
16753	TCPR0846_ADOL
16884	CR1612
16895	CR1625
16900	CR1630
16905	CR1636
16906	CR1637
17081	CR1650
17083	CR1652
17085	CR1654
17091	CR1660
17092	CR1661
17093	CR1662
17095	CR1664
17097	CR1666
16727	TCPR0880_ADNK
16757	TCPR0848_ADOK
16657	H-SNCA-DEL653-EM1-B6N
16882	CR1610
16717	jr30914
16764	jr30920
16718	jr30919
16673	jr30918
16451	CR1478
16568	CR1495
16578	CR1506
16580	CR1509
16585	CR1515
16586	CR1516
16689	CR1533
16694	CR1539
16697	CR1544
16833	CR1567
16840	CR1568
16844	CR1573
16851	CR1580
16854	CR1583
17408	CR1587
16865	CR1594
14943	jr28876
12578	DAAA
13849	DABB
13850	DABA
16787	jr30939
16441	CR1465
16695	CR1540
16837	CR1564
16871	CR1600
16886	CR1615
16887	CR1616
16896	CR1626
17409	CR1635
17076	CR1641
17078	CR1643
17087	CR1656
17414	CR1678
16748	TCPR0904_ADNN
16805	jr31068
16912	jr31069
16974	jr31071
16801	jr31076
16978	jr31125
17311	jr31295
16765	jr30917
16791	jr30916
17389	CR1492
16579	CR1508
16593	CR1526
16832	CR1560
16846	CR1575
16847	CR1576
16849	CR1578
16856	CR1585
16860	CR1589
16863	CR1592
14503	jr28540
16597	STGBB
13826	DACB
16767	jr30940
16644	H-BSCL2-DEL2222-EM1-B6N
16897	CR1627
16899	CR1629
17073	CR1639
17082	CR1651
17084	CR1653
17090	CR1659
17103	CR1673
17413	CR1677
16742	TCPR0838_ADNE
16747	TCPR903_ADNM
16957	jr31070
17053	jr31120
16980	jr31296
16657	H-SNCA-DEL882-EM2-B6N
16743	TCPR0901_ADNS
16814	TMTBB
16696	CR1543
16891	CR1621
17144	jr31127
16885	CR1613
16740	TCPR0898_ADNT
16751	TCPR0844_ADNV
15583	AGTAB
16189	ZCHAB
16903	CR1633
17169	jr31128
17305	jr31309
17252	jr31310
17058	GNGAB
17358	jr31316
17209	jr31317
17143	jr31318
16829	WDHAB
16822	IDHAB
17310	jr31320
16819	FRDAB
17245	MRMAB
17249	CDLAB
16778	TCPR0860_ADOR
16758	TCPR0849_ADOU
16771	TCPR0918_ADOV
17184	TCPR0921_ADPA
17887	CR1758
17892	CR1749
17893	CR1745
17637	CR1783
16637	H-PODXL-DEL637INS1-EM1-B6N 
16649	H-ERMN-DEL13-EM2-B6N
17156	H-GABRA2-DEL911-EM1-B6N
16750	TCPR0843_ADNU
15905	ZPTAB
16598	DCFBB
17167	jr31130
17247	jr31308
17356	jr31311
17357	jr31313
16828	CLTAB
16823	KDRAB
17069	FFSAB
17242	GETAB
15577	BAPAB
17063	IFTBB
17181	TCPR0906_ADOO
16776	TCPR0858_ADOP
17183	TCPR0950_ADOY
17884	CR1760
17639	CR1781
17421	PFIAB
15314	jr29523
12272	jr25812
17881	CR1767
17882	CR1765
17165	H-CLDN3-DEL10-EM1-B6N
17355	jr31312
16826	CPGAB
16813	MDHNB
17057	APBAB
15753	AOCAB
17304	jr31319
17256	SCTAB
17068	APTAB
17070	TTCAB
16824	ERLAB
17067	UBPAB
17641	CR1778
17851	CR1776
15960	UCRBB
16779	TCPR0861_ADOT
16772	TCPR0854_ADOW
16650	H-ERMN-INS1-EM1-B6N
16749	TCPR0902_ADPC
17089	CR1658
17883	CR1764
17638	CR1782
15556	jr29689
17141	jr31377
17182	TCPR0908_ADPM
17194	TCPR0926_ADPO
13524	EKGGB
16530	H-DTX1-DEL1303INS6-EM1-B6N
16853	CR1582
17166	jr31215
16917	H-PDE1A-DEL407-EM1-B6N
16917	H-PDE1A-DEL406-EM2-B6N
17031	H-SEZ6-DEL484-EM1-B6N
17051	jr31169
16777	TCPR0859_ADNX
17636	CR1738
17210	jr31210
17214	jr31213
17020	H-Dtx2-DEL1176-EM1-B6N
16991	jr31168
16575	CR1503
17415	CR1695
17418	CR1704
17635	CR1724
17138	jr31209
17031	H-SEZ6-DEL484-EM2-B6N
17179	TCPR0893_ADPE
16752	TCPR0845_ADPF
17026	H-BZRAP1-DEL67INS3-EM1-B6N
17188	TCPR0925_ADPN
17255	jr31379
17213	jr31380
17127	TCPR0946_ADPY
17240	IZMAB
17055	PDBAB
16774	TCPR0923_ADQB
17250	jr31221
17211	jr31222
17208	jr31260
17129	TCPR0948_ADPV
17191	TCPR0929_ADPW
17124	TCPR0943_ADPZ
17265	MCCAB
17251	GNBAB
17262	OXLBB
17261	SHMAB
17065	NLPAB
17186	TCPR0863_ADQD
17454	TCPR0971_ADQE
17125	TCPR0944_ADQA
17246	jr31259
17126	TCPR0945_ADPX
16831	PDHBB
17059	KICAB
17433	jr31384
17177	TCPR0887_ADQH
16730	TCPR0830_ADNR
16773	TCPR0855_ADGQ
16784	TCPR0867_ADPR
17189	TCPR0927_ADPU
15763	H-PKHD1L1-DEL693-EM2-B6N
17438	jr31397
17434	jr31400
17432	jr31403
17436	jr31404
17446	jr31406
16630	TCPR0851_ADMB
16782	TCPR0864_ADPT
16785	TCPR0865_ADPS
17456	TCPR0972_ADQF
17297	TCPR0978_ADQJ
17442	jr31396
16910	jr31399
17441	jr31401
16775	TCPR0924_ADQN
16029	H-IKZF2-DEL876-EM3-B6N
17026	H-BZRAP1-DEL28-EM2-B6N
16783	TCPR0866_ADPP
17185	TCPR0862_ADQC
16537	H-Kcnj11-E23K-EM2-B6N
17066	COTAB
17431	jr31407
17295	TCPR0984_ADRF
17435	jr31418
16982	CR1638
17471	jr31480
17468	jr31481
17465	jr31483
17293	TCPR1002_ADRR
17550	jr31503
17549	jr31504
17500	jr31505
17463	jr31511
17591	jr31523
17596	jr31525
17230	H-CHRNA5-DEL999-EM1-B6N
16639	H-SHANK3-DEL324-EM2-B6N
17445	jr31420
17509	jr31501
17547	jr31500
17506	jr31502
17462	jr31509
17496	jr31521
17588	jr31522
17232	H-SENP5-DEL1106-EM1-B6N
17227	H-VPS35-DEL611INS4-EM1-B6N
16533	H-GCKR-DEL1250-EM2-B6N
17309	jr31412
17439	jr31411
17294	TCPR1001_ADRG
17306	jr31432
17437	jr31451
16883	CR1611
18048	jr31415
17472	jr31479
17464	jr31482
17467	jr31488
17665	jr30192
17666	jr31164
17664	jr30181
17594	jr31524
17162	H-UNC13C-DEL209-EM1-B6N
17162	H-UNC13C-DEL208-EM2-B6N
17485	TCPR1018_ADTG
15960	UCRBC
16192	ORIAC
15637	SMCAC
18263	CR1614
17523	SDTBB
17991	URCAB
17992	CSFAB
17997	DERBB
18000	MDBBB
17995	MTTBB
17406	PRTAB
17330	TCPR0991_ADTO
18345	TCPR1031_ADTP
17492	TCPR1027_ADTQ
18347	TCPR1060_ADTS
17643	TCPR1050_ADTV
18024	jr31883
17659	jr31886
17903	CR10122
17969	CR10136
18441	jr30642
18116	SYGAB
18086	jr31989
18082	jr31995
18073	jr31996
18173	TCPR1078_ADVD
14080	ILTNB
18019	jr32020
18109	jr32024
18163	TCPR1073_ADVC
18122	CCZEB
17994	PFTAB
18158	TCPR1079_ADVM
18159	TCPR1080_ADVN
18161	TCPR1074_ADVK
18172	TCPR1076_ADVL
18084	jr32039
18138	jr32040
18030	jr32041
17600	CR10093
18064	CR10163
18067	CR10166
18068	CR10167
18101	CR10172
18090	CR10169
18102	CR10173
17202	H-ARHGAP42-DEL761-EM1-B6N
17202	H-ARHGAP42-DEL742-EM2-B6N
17646	TCPR1035_ADTH
15412	ABTAC
17935	CR10031
17677	CR10114
18079	jr31993
18278	BLA3391
17391	PCGAB
17993	PXGAB
17512	jr31848
18015	jr31850
17860	jr31851
18170	jr31885
18016	jr31913
17955	CR10124
17962	CR10129
17973	CR10141
18007	CLBCB
18037	jr31931
18440	jr31954
18088	jr31987
17495	TCPR0971_ADUR
18074	jr31990
18051	jr31994
18160	TCPR1072_ADVB
18027	jr32019
18105	jr32021
18136	jr32023
18049	jr32022
17583	CR10089
18062	CR10161
18065	CR10164
18258	CR10179
18151	CR10185
18152	CR10186
18164	CR10187
17503	CR10057
18338	jr32044
18207	AFGAB
18203	TBZEB
18201	MPZEB
17279	H-CCKBR-DEL493-EM1-B6N
17558	CR10070
17403	ATAAB
17528	BPTAB
17604	RFFAB
17390	TRFAB
17617	CR10102
17615	CR10098
17965	CR10132
17966	CR10133
17695	NFNAB
17698	UPTAB
17996	MDOBB
17998	OLABB
17273	RRPAB
17493	TCPR1038_ADTR
18013	jr31849
18350	TCPR1063_ADTT
18021	jr31882
17858	jr31910
17548	jr31911
17411	CR1675
17416	CR1698
17895	CR1744
17963	CR10130
17972	CR10140
18004	ASCAB
18002	TPFAB
18112	NMCBB
17128	TCPR0947_ADUP
17296	TCPR0985_ADRS
18081	jr31930
18014	jr31933
18115	AMBAB
18113	ATDBB
18162	TCPR1071_ADUT
18089	jr31986
18080	jr31992
18111	CLSBB
17699	RFOAB
17696	SRMAB
18006	FEZBB
18165	CR10188
18214	UGZEB
16379	WBPDB
18339	jr32120
18106	jr32121
18087	jr32123
18052	jr32124
18246	jr32171
16867	CR1596
16567	CR1494
17165	H- CLDN3-DEL2-EM2-B6N
17346	H-USP31-DEL763-EM1-B6N
16535	H-Kcnj11-E23K-EM1-B6N
17332	TCPR0993_ADRT
17187	TCPR0922_ADRU
15959	MTGAC
17936	CR10032
17271	FXNAB
17525	GXOAB
17266	IFOAB
17694	PROAB
17399	ZFEBB
17909	CR10115
18124	HTZEB
18209	PHTAB
18197	jr32122
18304	jr32170
18266	jr32197
17334	TCPR0995_ADRW
17333	TCPR1025_ADRX
17335	TCPR1026_ADRY
18144	jr31573
17396	CPTAB
17526	GYTAB
17601	LIPAB
17401	OTUAB
17605	PSDAB
17397	TCHAB
17521	WDRDB
17614	CR10097
18118	ICZEB
18139	jr32126
17150	H-COL1A2-DEL2087-EM1-B6N
17150	H-COL1A2-DEL2087INS2-EM2-B6N
18227	PFITB
18281	jr32128
18218	KLZEB
18120	CFZEB
18226	PDTAB
18249	jr32231
18751	TCPR1119_ADWP
18280	jr32274
18313	jr32275
18775	TCPR1120_ADWT
18318	jr32310
18297	jr32309
18387	jr32311
18104	jr32314
17987	CR10146
18401	CR10216
18407	CR10223
18410	CR10226
18415	CR10232
18428	CR10248
18893	jr32598
18094	H-GCH1-DEL1145-EM1-B6N
18094	H-GCH1-DEL1130-EM2-B6N
18098	H-HPCA-DEL650-EM1-B6N
18098	H-HPCA-DEL650-EM2-B6N
17673	H-P3H2-DEL1310-EM1-B6N
17673	H-P3H2-DEL1227-EM2-B6N
18294	FSZBB
18289	IYZEB
18314	NEZEB
18303	ODSBB
18127	TOMAB
18420	CR10238
18452	CR10265
18539	CR10293
18553	CR10299
18612	CR10316
18216	BDZEB
18223	IFFBB
18206	WRSAB
18269	jr32228
18078	jr32233
18390	jr32313
17968	CR10135
18400	CR10213
18402	CR10217
18406	CR10222
18414	CR10231
18422	CR10240
18425	CR10245
18426	CR10246
18639	jr32599
18790	TCPR1151_ADXS
18095	H-AJUBA-DEL1034-EM1-B6N
18095	H-AJUBA-DEL1029-EM2-B6N
18469	DXZEB
18459	IDZEB
18464	NTZEB
18462	SUZEB
18990	CR10249
18550	CR10296
18554	CR10300
18632	CR10318
18633	CR10319
18634	CR10321
18635	CR10322
18804	TCPR1158_ADYE
12194	BL779-2
18220	SBZEB
18213	GFZEB
18212	UCZEB
18083	jr32229
18267	jr32230
18312	jr32232
18344	jr32234
18296	jr32235
18260	TCPR1106_ADWQ
18749	TCPR1077_ADWR
18299	jr32279
18358	jr32307
18308	jr32308
18310	jr32312
18405	CR10221
18409	CR10225
18416	CR10233
18427	CR10247
18431	CR10252
18432	CR10253
18434	CR10255
18436	CR10257
18053	H-NEDD1-DEL705-EM1-B6N
18053	H-NEDD1-DEL730-EM2-B6N
18466	ASZEB
18460	EZEB
18334	FDZEB
18335	NSZEB
18292	USBBB
18421	CR10239
18551	CR10297
18588	CR10305
18631	CR10317
18806	TCPR1163_ADYC
18757	jr32762
18301	jr32349
17511	jr31591
17606	MDTAB
17267	BUBAB
17855	jr31781
18035	jr31783
17988	CR10147
18100	CR10171
18143	CR10180
18147	CR10181
18166	CR10189
18169	CR10193
18199	CR10199
18200	CR10200
18398	CR10211
18176	CR10195
18397	CR10210
17178	TCPR0937_ADQO
18384	jr32330
18442	jr32350
18389	jr32431
18357	jr32432
18392	jr32434
18509	jr32446
18514	jr32451
18300	CEABB
16596	DNTBB
18325	UBZEB
18776	TCPR1123_ADXK
18438	CR10259
18492	CR10273
18500	CR10277
18501	CR10278
18526	CR10283
18527	CR10284
18531	CR10288
18532	CR10289
18541	jr32523
18543	jr32525
18261	TCPR1075_ADXN
18778	TCPR1137_ADXQ
18391	jr32551
18642	jr32589
18681	jr32732
18662	H-SCN11A-DEL982-EM1-B6N
18912	PLZBB
18694	THYAB
19025	jr33037
19088	jr33048
19156	jr33050
19159	jr33051
19071	jr33054
17590	jr31588
17502	jr31590
17522	DNFAB
17402	SHXAB
18033	jr31784
18168	CR10192
18259	TCPR1104_ADWD
18262	TCPR1106_ADWE
18293	jr32338
18444	jr32339
18385	jr32384
18513	jr32449
17268	MCRAB
18328	AFZEB
18217	CDZEB
18330	SPZEB
18008	SPOBB
18208	NRSAB
18430	CR10251 
18418	CR10235
18450	CR10263
18491	CR10272
18499	CR10276
18528	CR10285
18780	TCPR1135_ADXO
18802	TCPR1154_ADXR
18447	jr32556
18362	jr32557
18602	jr32588
18641	jr32591
18895	jr32641
18756	jr32761
18999	jr32943
18992	jr32944
18991	jr32945
18998	jr32953
19003	jr32956
18882	jr32958
19028	jr32991
18938	jr32992
19029	jr33008
19002	jr33014
19044	jr33015
18823	PTSZB
18005	PNDBB
19078	jr33018
19047	jr33038
19032	jr33040
19031	jr33041
19074	jr33042
19095	jr33046
19162	jr33081
17519	UBTAB
17518	GMPAB
17854	jr31782
18178	CR10197
18224	CR10201
18233	CR10204
18234	CR10205
18235	CR10206
18399	CR10212
17336	TCPR0997_ADRV
18248	jr32340
18449	jr32355
18393	jr32366
18317	SDZEB
18395	jr32433
18510	jr32443
18394	jr32445
18512	jr32447
18448	jr32448
18333	AKZEB
18126	BCNAB
18284	COZEB
18287	DTZEB
18332	FAZEB
18225	IPNBB
17517	PGLAB
18327	TNZEB
18110	PPFBB
18454	CR10267
18493	CR10274
18529	CR10286
18546	jr32524
18781	TCPR1136_ADXP
18599	jr32552
18622	jr32566
18626	jr32570
18598	jr32571
18600	jr32590
19334	jr32786
18942	jr32938
18993	jr32939
18996	jr32947
18986	jr32951
19085	jr32952
19004	jr32954
18997	jr32955
18885	jr32957
19005	jr32960
18771	jr32983
19086	jr32993
18831	TCP1220_AEAF
18985	jr33010
19072	jr33043
19045	jr33044
18660	H-STX6-DEL1808INS8-EM1-B6N
19076	jr33045
19073	jr33047
19090	jr33053
19097	jr33079
19164	jr33080
18192	jr32142
18356	jr32648
18628	jr32645
18810	TCPR1201_ADZA
18944	jr32940
18940	jr32942
18994	jr32946
18989	jr32948
18825	TCPR1208_AEAE
19033	jr32959
19101	jr33009
19030	jr33016
18690	GIRAB
18955	HLZAB
18691	HHHAB
19091	jr33082
18835	H-PCSK2-DEL905-EM2-B6N
19177	jr33100
19173	jr33101
19188	jr33103
19174	Jr33104
19171	jr33106
19260	CR10438
18607	CR10311
18664	H-IRS1-DEL632-EM1-B6N
19181	jr33139
19026	jr33151
19500	jr33157
19184	jr33162
19185	jr33180
19502	jr33181
18722	CR10346
18853	CR10384
18933	CR10399
18934	CR10400
18970	CR10405
19240	CR10417
19247	CR10425
19250	CR10428
19254	CR10432
19257	CR10435
19263	CR10441
19275	CR10457
18836	H-BCAN-DEL465-EM2-B6N
19501	jr33206
19298	jr33207
19302	jr33212
19301	jr33213
18137	jr32139
18242	jr32144
18190	jr32146
18643	jr32653
18808	TCPR1180_ADZB
19158	jr33083
18830	TCPR1219_AEAT
19093	jr33107
19157	jr33118
19262	CR10440
19182	jr33140
19496	jr33142
19499	jr33175
19189	jr33179
19008	TCPR1236_AEAX
18451	CR10264
18608	CR10312
19069	CR10386
18898	CR10390
18899	CR10391
19014	CR10409
19235	CR10412
19251	CR10429
19253	CR10431
19268	CR10449
19273	CR10455
18498	H-GPRASP2-DEL1022-EM1-B6N
18747	H-CRTAC1-DEL699-EM1-B6N
19303	jr33204
19180	jr33205
19503	jr33209
19304	jr33214
17510	jr26128
18251	jr32138
18193	jr32140
18243	jr32141
18891	jr32652
18894	jr32654
18766	jr32810
18877	jr32808
18888	jr32812
19175	jr33102
19176	jr33105
19094	jr33117
19238	CR10415
18737	CR10359
19183	jr33138
19001	jr33158
19179	jr33160
19043	jr33161
19010	TCPR1239_AEAV
19498	jr33176
19305	jr33177
19007	TCPR1235_AEAW
18916	CR10393
18930	CR10396
18932	CR10398
18969	CR10404
19013	CR10408
19234	CR10411
19242	CR10419
19246	CR10424
19249	CR10427
19256	CR10434
19261	CR10439
19271	CR10452
19276	CR10458
19278	CR10462
18836	H-BCAN-DEL465-EM1-B6N
19046	jr33208
19299	jr33210
17874	H-IRS2-DEL3000INS1-EM1-B6N
19497	jr33217
17507	jr29553
19048	jr32809
18752	jr32815
18754	jr32819
18978	H-NPR2-DEL1117-EM1-B6N
19315	jr33272
19313	jr33273
19380	TCPR1261_AEBS
19379	TCPR1260_AECN
19012	TCPR1241_AECP
19370	jr33359
18271	H-AP3B2-DEL799-EM1-B6N
19596	jr33477
19404	jr33487
19569	H-PREPL-DEL619-EM1-B6N
19559	jr33491
19118	PGCAB
19219	OTOAB
19222	NUSAB
19407	HPSAB
19204	MRFAB
19216	MTRAB
19228	PUFAB
19103	HDBAB
19281	H-NYP2R-DEL1020-EM1-B6N
18966	jr32685
18964	jr32691
18714	jr32692
18962	jr32695
18683	jr32696
18886	jr32813
18965	jr32811
18883	jr32814
18963	jr32818
19400	jr33298
19316	jr33299
19402	jr33300
19403	jr33301
19369	jr33304
19375	jr33305
19011	TCPR1240_AEBT
19382	TCPR1267_AECQ
19062	H-BEAN1-DEL690DEL15-EM1-B6N
19063	H-BEAN1-DEL755DEL7-EM2-B6N
19550	CR10504
19335	CR10469
19322	CR10468
19258	CR10436
19599	jr33586
19555	jr33587
19592	jr33589
19601	jr33591
19462	jr33592
19600	jr33595
19773	jr33602
19775	jr33604
19606	jr33626
19776	jr33629
19780	jr33650
19788	jr33651
19766	TCPR1301_AEEG
19768	TCPR1302_AEEH
18789	TCPR1152_ADYN
18755	jr32690
18682	jr32693
18958	jr32702
18813	TCPR1204_ADZG
18807	TCPR1164_ADZH
18195	jr32824
18880	jr32825
18712	jr32826
19306	jr33274
16875	CR1604
17885	CR1759
17880	CR1768
17640	CR1780
17910	CR10000
17925	CR10021
17929	CR10025
17943	CR10039
17944	CR10040
17554	CR10065
17581	CR10086
17582	CR10087
17616	CR10099
17632	CR10105
19770	jr33601
18896	jr32677
18959	jr32682
18957	jr32686
18897	jr32699
18680	jr32697
18887	jr32820
19282	H-NPY2R-DEL1033-EM2-B6N
19512	jr33438
19572	CR10508
19522	CR10501
19474	CR10488
19361	CR10477
19360	CR10476
19244	CR10422
19241	CR10418
19564	jr33581
19399	jr33582
19598	jr33590
19594	jr33594
19669	jr33597
19771	jr33600
19772	jr33627
19774	jr33630
19792	jr33631
19777	jr33632
19563	jr33633
19795	jr33628
19604	jr33636
19778	jr33644
17077	CR1642
17417	CR1700
18003	CR10006
17917	CR10011
17953	CR10014
17932	CR10028
17933	CR10029
17939	CR10035
17941	CR10037
17954	CR10044
17488	CR10051
17490	CR10053
17505	CR10058
17544	CR10061
17562	CR10077
17563	CR10078
17613	CR10096
19059	H-ENO2-DEL930-EM1-B6N
18921	H-KCNF1-DEL15DEL1046-EM1-B6N
19548	CR10502
19490	CR10495
19337	CR10471
19524	jr33578
19467	jr33579
19562	jr33580
19597	jr33593
19597	jr33953
19666	jr33596
19509	jr33598
19508	jr33599
19605	jr33603
19791	jr33625
19794	jr33634
19793	jr33635
19557	jr33645
17482	TCPR1051_ADSL
17298	TCPR0979_ADSM
17096	CR1665
17890	CR1751
17888	CR1754
17879	CR1771
17928	CR10024
17940	CR10036
17945	CR10041
17543	CR10060
17553	CR10064
17556	CR10068
17584	CR10090
17634	CR10107
17911	CR10002
18698	CSRAB
19083	jr32829
18568	PRXAB
18571	SUGCB
18718	jr32841
19465	jr33427
19510	jr33429
19551	jr33435
19513	jr33440
19461	jr33444
19401	jr33445
19460	jr33446
19511	jr33471
19367	jr33472
19560	jr33482
19528	jr33478
19506	jr33490
19221	SHTAB
19214	ILBAB
19016	RRCAB
19420	ERIAB
19421	DBXAB
19410	DDXAB
19125	UQRAB
19218	TXNAB
19384	TCPR1264_AEDS
19750	TCPR1284_AEDT
20403	jr33693
19787	jr33712
19889	jr33745
19867	jr33746
19868	jr33744
19874	jr33748
17624	jr31632
18689	CFOAB
18687	FONAB
18570	APEDB
18578	CPZBB
18884	jr32840
18567	GMSBB
18480	STZEB
18824	TCPR1207_ADZJ
19036	H-Kcnip1-DEL993-EM1-B6N
19052	H-GBA-DEL424-EM1-B6N
19505	jr33428
19463	jr33430
19507	jr33432
19504	jr33433
19459	jr33437
19464	jr33447
19561	jr33468
19556	jr33469
19857	jr33684
19876	jr33714
19390	H-Grm4-DEL747-EM1-B6N
19294	H-Galr1-DEL472-EM1-B6N
19875	jr33742
19869	jr33747
19882	jr33769
19890	jr33773
19883	jr33779
19531	H-P2RX2-DEL751-EM1-B6N
19424	BLCAB
19762	CPOAB
19391	H-DGKD-DEL1840-EM1-B6N
18331	PPZEB
19574	SRDAB
19899	UBXAB
19880	jr33799
19884	jr33801
19441	jr33803
19473	CR10487
19591	CR10511
19625	CR10514
19832	CR10528
19933	jr33821
19938	jr33824
19870	jr33834
19822	TCPR1318_AEEQ
19764	TCPR1292_AEER
17469	jr31639
18476	BPFBB
18561	FSDAB
18580	PGSAB
18569	PXNAB
18315	PYZEB
18881	jr32850
18437	CR10258
18552	CR10298
18630	CR10313
18707	CR10338
18720	CR10344
18724	CR10347
18735	CR10357
18745	CR10362
18852	CR10383
18900	BMPAB
18901	CLKAB
18814	CGZBB
18584	IQGAB
18911	PGFAB
18700	PIKAB
18688	SLOAB
18939	jr32892
19454	10336
18662	H-SCN11A-DEL977-EM2-B6N
19314	jr33306
19371	jr33310
19553	jr33434
19526	jr33436
19595	jr33470
19374	jr33474
19527	jr33475
19593	jr33476
19554	jr33481
19308	jr33489
19569	H-PREPL-DEL620INS6-EM2-B6N
19383	TCPR1263_AEDR
19861	jr33686
19790	jr33690
19862	jr33694
19859	jr33695
19864	jr33711
19858	jr33715
19434	jr33743
18889	jr32851
18872	jr32852
18439	CR10260
18494	CR10275
18611	CR10315
18666	CR10328
18667	CR10329
18668	CR10330
18670	CR10332
18675	CR10337
18710	CR10341
18731	CR10353
18732	CR10354
18734	CR10356
18763	CR10367
18785	CR10375
18854	CR10387
18906	CRMAB
18697	IRFAB
18703	NPRAB
18699	OSGAB
18704	PPPAB
18816	RBFAB
18800	STJAB
19452	CR10320
19457	CR10372
19081	jr32894
18826	TCPR1205_ADZT
19300	jr33307
19310	jr33311
19277	CR10461
19442	jr33771
19575	CNKAB
19893	CTZBB
19769	INPBB
19035	H-RGS8-DEL1150INS3DEL7-EM1-B6N
19035	H-RGS8-DEL1150INS3DEL7-EM2-B6N
19425	KCQAB
19752	MCEAB
19584	NDSAB
19576	OATAB
19427	PDZAB
19428	SILAB
19438	jr33798
19863	jr33797
19871	jr33800
19364	CR10478
19476	CR10491
19477	CR10492
19478	CR10493
19783	CR10521
20490	CR10522
19443	jr33814
19942	jr33813
19546	H-A3GALT2-DEL458-EM1-B6N
19437	jr33822
19945	jr33825
19392	H-PARK7-DEL1803-EM1-B6N
20533	BLA4754
17621	jr31642
18812	TCPR1203_ADZM
18753	jr32861
18549	CR10295
18595	CR10310
18636	CR10323
18665	CR10327
18708	CR10339
18761	CR10364
18774	CR10371
18782	CR10373
18848	CR10377
18850	CR10380
18851	CR10381
18931	CR10397
18821	CKTAB
18794	FLNAB
18941	jr32891
19080	jr32893
19453	CR10326
19455	CR10349
19456	CR10363
18811	TCPR1202_ADZS
19098	jr32907
18987	jr32908
17620	jr31641
19368	jr33308
19405	jr33309
19567	H-TREH-DEL663-EM1-B6N
19888	jr33772
19885	jr33774
19435	jr33776
19439	jr33777
19865	jr33778
19887	jr33780
18575	FUKDB
19753	GLMA6.1b
19430	IMPAB
19896	SNXAB
19440	jr33802
19469	CR10482
19475	CR10489
19570	CR10506
19609	CR10512
19671	jr33815
19546	H-A3GALT2-DEL464-EM2-B6N
19546	H-A3GALT2-DEL479-EM3-B6N
19932	jr33817
19931	jr33823
19936	jr33826
20000	jr33848
19608	jr33849
19977	CR10385
19265	CR10443
19336	CR10470
19111	GPSAB
19206	HGDAB
18908	MPLAB
19203	SCDAB
18798	SCFAB
19108	SMEAB
18742	H-RGS4-DEL887-EM1-B6N
19543	H-OLFM4-DEL1128-EM1-B6N
19543	H-OLFM4-DEL1124-EM2-B6N
20537	BLA4664
19239	CR10416
18976	H-SNCG-DEL438-EM1-B6N
19113	AGPAB
18818	CTTAB
19112	CFBAB
18914	GMSZB
19120	MDCAB
19217	NFVA
19212	OSEAB
18903	PMOAB
19018	ZFNAB
18471	CBPB
18174	BBIPC
14082	ESJAC
14082	ESJCX
17658	jr31650
18952	APSAB
19107	DNJA
19105	MBTAB
19019	NUOAB
19017	STHAB
19104	TITAB
19121	ZFFAB
19106	ZPSAB
18954	CDNAB
19376	jr33346
19398	jr33347
19170	jr33348
17629	jr31647
17586	jr31654
17627	jr31649
17597	jr31655
19309	jr33358
19378	TCPR1259_AECO
19406	jr33366
17642	TCPR1049_ADSN
17484	TCPR1017_ADSP
17592	jr31682
17487	TCPR1020_ADST
18702	SPRAB
19495	jr33352
17644	TCPR1033_ADSO
17647	TCPR1036_ADSQ
17626	jr31684
17628	jr31685
17661	jr31683
18034	jr31686
17622	jr31688
17645	TCPR1034_ADSR
17486	TCPR1019_ADSS
17231	H-SLC17A7-DEL907-EM1-B6N
16195	LEMAB
15472	CR1132
16390	GTPAB
15597	jr29792
14721	TCPR0416_ACWR
15232	TCPR0420_ACXR
15575	BRIAB
15636	SLNAB
15747	TMDAB
15412	ABTNB
15580	NKRAB
15635	SLFAB
15750	DNDAB
16099	CR1361
16104	CR1366
16111	CR1375
16278	jr30440
15574	ADPAB
16639	H-SHANK3-DEL328-EM1-B6N
14667	H-Klf14-DEL5-EM1-B6N
11909	BL5556
12289	BL5216
12290	BL5132
15318	jr29495
15501	CR1166
15497	CR1165
15321	jr29502
15311	jr29804
13273	CR875
13274	CR874
13891	CR882
13890	CR885
14259	CR930
15158	jr29727
15601	jr29743
13619	DABF
14971	jr29522
15552	jr29728
14248	CR888
13275	CR912
13276	CR872
14106	jr27092
14091	jr26953
15476	CR1138
15505	CR1171
14111	jr27203
15389	CR1120
15598	jr29785
14107	jr27200
14115	jr27272
14098	jr27094
15990	CR1334
16086	CR1343
16091	CR1348
16097	CR1354
13822	DABT
13839	DABV
13841	DABW
13845	DABU
13852	DABX
13851	DABY
15538	jr29751
15474	CR1154
13529	RSISB
13794	DNAAB
13967	GGGGB
15745	CASAB
14083	ergab
13788	NDRAB
13531	TSATB
13093	GPRBB
14131	jr27571
15892	jr30127
16159	jr30138
15812	jr30167
14137	jr27606
14141	jr27610
16100	CR1362
15687	jr29801
13791	RNFCB
15080	TCFAB
13893	CR839
15088	KNKAB
13790	DPEAB
14824	FZDAB
14345	TCPR0331_ACGW
15157	jr29277
15969	CR1316
14138	jr27607
15126	jr29340
12018	Krt77_5763
11906	Fxn_5660
11992	Exoc4_5678
11995	Iqcj_5719
11996	Iqcj_5720
12037	Eogt_5784
12064	Zfyve26_5940
13221	Serpina7_6132
14204	jr27794
16430	CR1218
15859	CR1306
15362	jr29557
15899	jr30146
16225	TCPR0619_ADEM
13278	CR953
15980	CR1327
15991	CR1335
16092	CR1349
15149	jr29278
14203	jr27793
12294	BL5180
15361	jr29560
15376	jr29556
14119	jr27444
14078	GFHAB
13787	TTNNB
15163	TASAB
15579	SHRAB
13101	KCNAB
11811	GPRRB
15586	VRSAB
14067	GPDGB
14150	jr27695
14467	jr28308
14328	jr28310
15360	jr29561
15374	jr29562
15483	jr25292
15485	jr25680
13785	TTNTB
15365	ADGNB
14084	GPDPB
13784	NFAEB
14324	jr28322
14329	jr28319
14325	jr28321
14156	jr27694
15329	jr29726
15418	H-Adamts16-DEL923-EM1-B6N
14868	jr27697
15487	jr29570
12268	jr26914
15243	TCPR0446_ACXN
15327	jr29499
15823	CR1194
15639	CR1205
15511	CR1177
15512	CR1178
13960	jr26122
14317	jr27813
14506	jr28354
14132	jr27572
14507	jr28358
15729	CR1274
15727	CR1272
15738	CR1285
15554	jr29854
15320	jr29487
15478	CR1159
15628	CR1196
12288	BL5200
12300	BL5190
13720	IRDCX
15393	jr29613
15618	CR1189
14466	jr28450
14116	jr27327
15373	jr29611
14515	CR1017 lacZ HR
14258	CR1012
15484	jr29610
14250	CR985
14117	jr27568
15536	jr29612
14147	jr27611
14118	jr27443
14143	jr27612
14109	jr27202
14123	jr27477
14093	jr26954
14139	jr27608
14105	jr26839
14154	jr27692
14144	jr27613
14133	jr27573
15537	jr29631
14502	jr28352
14504	jr28514
14468	jr28516
15482	jr29628
15539	jr29630
14870	jr27689
15489	jr29636
15619	CR1192
15640	CR1206
14869	jr27658
15356	jr29634
14510	jr28515
15493	jr29658
15534	jr29659
14072	PRKBB
14448	TASNB
14908	jr27659
15466	jr29496
14149	jr27693
14151	jr27696
14465	jr28323
14327	jr28355
14148	jr27691
15488	jr29635
15378	jr29551
13662	IRLCB
14447	KCNSB
15317	jr29526
14323	jr27816
14364	TCPR0367_ACRI
15312	jr29488
15384	jr29555
15491	jr29688
13571	TPNPB
14822	NADAC
14452	MBDNB
14450	LYSNB
14451	NDTNB
14449	SCNBB
14820	FTBNB
15388	jr29527
14344	TCPR0329_ACGV
14655	TCPR0407_ACVT
15868	MNBAB
15418	H-Adamts16-DEL906-EM2-B6N
15477	CR1157
15664	CR1262
15428	H-GRM7-DEL418-EM1-B6N
8571	BL4092
14598	TCPR0372_ACQF
14597	TCPR0371_ACRG
15169	YTHAB
14940	jr28912
14361	TCPR0366_ACOU
14647	TCPR0383_ACRS
15179	CR1056
15175	CR1035
14251	CR992
14644	TCPR0387_ACRO
14362	TCPR0366_ACSF
14920	jr28894
14363	TCPR0367_ACRE
14938	jr28873
14934	jr28872
14941	jr28871
14933	jr28868
14648	TCPR0384_ACRW
14829	RXPAB
14827	KCTNB
14124	TCPR0357_ACPB
14830	GRMAB
14255	CR994
15173	CR1030
15176	CR1037
15178	CR1047
15177	CR1046
14596	TCPR0370_ACQI
14646	TCPR0381_ACRQ
14357	TCPR0363_ACNC
14720	TCPR0415_ACVW
14651	TCPR0398_ACTG
15225	TCPR0431_ACVX
14350	TCPR0357_ACNB
14359	TCPR0359_ACNL
14365	TCPR0368_ACSD
14811	TCPR0409_ACVU
14652	TCPR0399_ACTF
14356	TCPR0363_ACRK
14349	TCPR0357_ACLX
14812	TCPR0410_ACVK
13718	H-PCDH20-DEL4-EM1-B6N
14814	TCPR0430_ACWB
14825	BBSNB
14821	KCNTB
13085	NPFFB
14964	jr28971
14595	TCPR0369_ACQJ
14354	TCPR0362_ACNJ
14645	TCPR0388_ACRL
14791	TCPR0379_ACSG
14473	TCPR0404_ACUB
14366	TCPR0368_ACSY
14963	jr29001
14973	jr29007
14957	jr28994
14949	jr28989
15043	jr28999
12056	jr26274
11984	jr25733
11832	jr25475
12063	jr26273
12055	jr26272
12060	jr26909
12062	jr27253
15831	TCPR0565_ADCP
12269	jr27254
13222	jr25816
12270	jr26913
14813	TCPR0417_ACWC
11766	GPREB
11775	GPRUB
12549	jr25814
14947	jr28968
14945	jr29008
14961	jr28996
13322	BL2012
11907	jr25732
14944	jr28990
14951	jr28993
14948	jr28992
14962	jr29000
13237	CR804
14946	jr28969
13238	CR812
15052	jr29006
14959	jr28995
15050	jr29002
15186	CR1082
14965	jr28998
15047	jr29004
13235	CR799
15888	jr30194
15428	H-GRM7-DEL430-EM2-B6N
13234	ET11669
13242	CR842
15302	jr28972
14956	jr29029
15068	jr29148
15053	jr29030
15046	jr29003
15683	jr29016
12050	jr26819
15059	jr29039
12271	jr25810
14827	KCTAC
15180	CR1071
12066	jr26820
15041	jr29005
15060	jr29009
12047	jr26911
15735	CR1281
15741	CR1288
15253	TCPR0452_ACYN
15184	CR1080
14960	jr28988
15166	SLGNB
12067	jr26242
15087	PPCAB
15075	jr29133
15237	CR1074
15070	jr29159
13236	CR824
15077	jr29135
15056	jr29147
15064	jr29157
15067	jr29140
15076	jr29158
15065	jr29113
13243	CR825
13239	CR818
13892	CR837
15113	jr29146
15760	H-C4B-DEL348-EM2-B6N
11978	jr25734
12024	jr25927
11993	jr25926
12267	Pcdh12_6033
13285	jr26910
15114	jr29207
15234	TCPR0443_ACXK
12038	jr26034
13446	EKGEB
15170	PBDNB
15410	SLTNB
13662	IRLGC
14822	NADCB
14828	NAIAC
15115	jr29209
13964	jr27474
13963	jr27471
15120	jr29210
15118	jr29217
15882	jr30068
15816	jr30069
13956	jr25817
15239	TCPR0501_ACZS
15242	TCPR0445_ACXM
15250	TCPR0440_ACWY
15821	jr30071
13277	CR821
13965	jr27475
12968	DAAG
15860	CR1308
15874	CR1314
15769	jr30002
12972	DAAE
13962	jr26838
14921	jr28869
12969	DAAH
13258	DAAM
13260	DAAN
13261	DAAP
13590	DAAW
13611	DAAS
13610	DAAR
13613	DAAT
13614	DAAU
13615	DAAV
15889	jr30095
14958	jr29109
13789	TPNNB
13720	IRLDC
13256	DAAX
15132	jr29244
15124	jr29240
15191	CR1085
15071	jr29160
15129	jr29245
15063	jr29126
14095	jr26956
15117	jr29208
15238	TCPR0432_ACXA
16393	TCPR0733_ADHJ
13589	DAAL
12971	DAAQ
13853	DABC
15112	jr29216
14942	jr28893
15061	jr29125
15675	jr29913
15430	TCPR0506_ADBG
15246	TCPR0439_ACXS
15768	jr29949
15128	jr29268
14321	jr27814
14130	jr27570
15049	jr29111
12072	jr26236
15770	jr30096
15035	jr28970
15153	jr29324
15131	jr29267
16481	TCPR0513_ADBH
16234	TCPR0620_ADER
16235	TCPR0643_ADES
16216	TCPR0622_ADEO
15801	TCPR0586_ADEP
15148	jr29276
15073	jr29134
15215	jr29325
15749	OGDNB
15634	TGOAB
15578	GYBAB
15585	ASTAB
15147	jr29329
15813	jr30118
16040	jr30120
15212	jr29279
15074	jr29110
15127	jr29336
15150	jr29280
16219	TCPR0651_ADFG
15900	jr30116
14932	jr29326
16171	jr30317
15057	jr29136
15550	jr29337
15196	CR1091
15214	jr29320
15156	jr29327
15066	jr29112
15300	jr29341
15210	jr29334
15151	jr29335
15305	jr29362
15304	jr29383
15203	CR1099
15386	CR1110
15152	jr29338
15656	CR1236
15301	jr29360
15116	jr29372
15307	jr29409
15199	CR1094
15337	CR1102
15202	CR1098
15130	jr29396
15955	AGSAB
15426	H-CPS1-DEL1032-EM1-B6N
15133	jr29384
15216	H-NR2F6-DEL2475-EM1-B6N
15678	jr29830
15677	jr29816
15652	CR1229
15657	CR1237
15647	CR1245
15648	CR1249
15595	jr29805
12207	BL1171_2
16162	jr30114
15154	jr29404
15658	CR1238
15383	jr29550
15324	jr29571
15240	TCPR0434_ACWN
15426	H-CPS1-DEL1032-EM2-B6N
15207	H-BDKRB1-DEL28-EM1-B6N
16041	jr30115
15894	jr30117
16197	RATAB
15211	jr29405
15471	CR1126
15316	jr29395
15323	jr29406
15527	H-Arl15-Del2-EM1-B6N
7012	BL3476
11477	BL5341
9757	1700086L19Rik <EPD0628_4_B06>
15651	CR1232
15357	jr29569
15245	TCPR0441_ACWP
15231	TCPR0419_ACXO
15204	CR1100
15381	CR1122
15457	CR1127
15555	jr29733
15600	jr29742
15676	jr29829
15385	jr29750
15490	jr29731
15532	jr29729
12420	TCPM0908
13127	CCDNB
16351	CR1430
15742	CR1144
15473	CR1155
15504	CR1169
15359	jr29552
15744	jr29629
15159	jr29494
15213	jr29529
15751	DZLAB
15752	GABAB
16190	RDTAB
16378	ITOAB
15599	jr29793
15728	CR1273
15734	CR1280
15653	CR1230
15650	CR1256
15760	H-C4B-DEL506-EM1-B6N
15244	TCPR0487_ACZR
15475	CR1150
15731	CR1278
15688	jr30128
15909	H-ADPRHL1-DEL1142-EM2-B6N
15681	jr29815
15733	CR1279
15249	TCPR0451_ACXY
15594	TCPR0552_ADCO
15691	jr29917
16070	MSXTB
7778	Gabrb1 <EPD0681_5_B12>
15684	jr29800
15909	H-ADPRHL1-DEL1087-EM1-B6N
16391	PRSAB
15233	TCPR0433_ACWS
15247	TCPR0448_ACZD
15251	TCPR0502_ACZQ
14352	TCPR0362_ACSE
15682	jr29918
15680	jr29814
15805	TCPR0561_ADDA
15802	TCPR0588_ADDB
15825	TCPR0563_ADCV
15807	TCPR0582_ADDD
16212	TCPR0629_ADGP
16324	DNAGB
16325	METTB
16326	MIFFB
16327	NGPPB
15596	jr29916
14080	ILTBC
15413	SSSNB
15172	PABNB
16382	NEKNB
15771	jr29975
16262	TCPR0693_ADGQ
13272	CR956
16039	jr30121
15313	jr30149
15820	jr30067
16214	TCPR0614_ADDN
15168	TMSNB
15584	aklnb
15576	AUKAB
15814	jr30083
15885	jr30085
16316	TCPR0697_ADGS
15883	jr30084
15872	CR1312
15977	CR1324
15881	jr30088
16071	MTPPB
15902	jr30089
15826	TCPR0556_ADDE
15773	jr30003
15828	TCPR0590_ADEL
15772	jr30086
15970	CR1317
15979	CR1326
15983	CR1330
15886	jr30093
15897	jr30148
15817	jr30154
16076	jr30195
16215	TCPR0621_ADEN
16233	TCPR0641_ADEU
16057	jr30246
16074	jr30239
16050	jr30238
16027	H-IKZF2-DEL890-EM2-B6N
16027	H-IKZF2-TM1C-EM1-B6N
15862	MTOAB
15754	AGFAB
16165	jr30240
16175	jr30242
15890	jr30245
16059	jr30241
16164	jr30244
15884	jr30243
15891	jr30168
16239	CR1391
16245	CR1397
15856	CR1307
16199	jr30354
16094	CR1351
16055	jr30235
15863	SASAB
16169	jr30345
16053	jr30351
16075	jr30352
16178	jr30356
16311	TCPR0671_ADFK
16203	jr30375
16170	jr30318
16561	CR1357
16101	CR1363
16103	CR1365
15875	CR1315
16160	jr30344
16102	CR1364
16179	jr30341
15887	jr30353
16202	jr30348
15898	jr30355
16174	jr30377
16052	jr30319
16112	CR1376
16113	CR1377
16117	CR1381
16241	CR1393
16244	CR1396
16248	CR1400
15861	CR1309
15873	CR1313
16038	jr30343
16049	jr30342
16183	jr30350
16051	jr30349
15959	MTGNB
15582	GPAAB
15746	TMFAB
16277	jr30362
16200	jr30376
12967	DAAC
12970	DAAF
16148	H-SLC28A3-DEL738-EM1-B6N
16148	H-SLC28A3-DEL557-EM2-B6N 
16276	jr30432
15740	CR1287
16089	CR1346
16350	CR1423
16367	CR1440
16267	TCPR0683_ADGC
16263	TCPR0692_ADHH
16228	TCPR0676_ADHI
15166	SLGAC
15168	TMSAC
15410	SLTAC
15172	PABAC
15865	STVAB
15818	jr30430
16201	jr30431
15972	CR1319
16246	CR1398
16349	CR1422
16357	CR1431
16358	CR1432
16048	jr30478
16168	jr30521
16275	jr30522
15895	jr30529
16166	jr30530
16177	jr30433
16187	jr30531
16318	TCPR0699_ADGY
16313	TCPR0708_ADGZ
16312	TCPR0672_ADHG
16370	CR1443
16274	jr30618
16398	TCPR0720_ADHW
16399	TCPR0726_ADHX
16506	TCPR0724_ADHZ
16988	TCPR0493_ADCG
16491	jr30646
16438	CR1461
16449	CR1475
16450	CR1477
16563	CR1488
16437	CR1460
16448	CR1474
16452	CR1479
16562	CR1487
16429	TCPR0755_ADIJ
10830	BL5073
16494	jr30697
16056	jr30234
15958	TNLAB
15869	ZPFAB
16281	COPAB
16191	NOSNB
16192	ORINB
15962	RSTAB
16380	FCRNB
16388	EFKAB
15638	CTPAB
16384	PPTBC
16381	IQBNB
16387	FMSAB
16386	STSAB
16497	jr30690
16488	jr30698
16508	TCPR0758_ADIP
16612	jr30726
16614	jr30734
16514	TCPR0756_ADIV
16511	TCPR0740_ADIW
16484	jr30713
16615	jr30818
16493	jr30732
16167	jr30865
16533	H-GCKR-DEL1262-EM1-B6N
16609	jr30728
16603	jr30689
16496	jr30731
9283	MAKCB
16604	jr30730
16610	jr30727
16608	jr30752
16489	jr30733
16606	jr30729
16618	jr30753
16341	H-RNF115-DEL562INS28-EM1-B6N
16314	TCPR0797_ADJV
16619	jr30817
16671	jr30871
16677	jr30869
16611	jr30819
16622	jr30820
16521	TCPR0810_ADKD
16334	H-FAM188A-DEL718-EM1-B6N
16339	H-OTOP2-DEL462-EM1-B6N 
10967	JAX-18954A-C12-2
16674	jr30821
16617	jr30823
16613	jr30866
16680	jr30868
16397	TCPR0790_ADJJ
16522	TCPR0780_ADJT
10961	JAX-14018A-G3-2
10994	JAX-11147A-A9-1
10995	JAX-14012D-G9-1
16492	jr30844
16620	jr30870
16339	H-OTOP2-DEL549-EM2-B6N 
14455	H-Ap3m2-INS1-EM2-B6N
14674	H-Cry1-DEL537-EM1-B6N
15763	H-PKHD1L1-DEL693-EM1-B6N
14667	H-Klf14-DEL10-EM2-B6N
15434	H-Irx3-DEL5-EM2-B6N
15434	H-Irx3-INS2-EM1-B6N
16139	H-TRP73-INS1-EM1-B6N
16139	H-TRP73-DEL31-EM2-B6N
15222	H-WBSCR22-DEL469-EM1-B6N
15799	H-PTTG1IP-DEL466&INS2-EM1-B6N
15190	CR1084
14463	H-Plcz1-DEL1-EM2-B6N
16640	H-SUSD1-DEL23-EM1-B6N
16523	TCPR0781_ADKE
16335	H-FAM188B-DEL684-EM1-B6N 
16640	H-SUSD1-DEL28-EM2-B6N
15921	H-CRB1-REP-EM1-B6N
16334	H-FAM188A-DEL715-EM2-B6N
16335	H-FAM188B-DEL662-EM2-B6N 
16341	H-RNF115-DEL435-EM2-B6N
14463	H-Plcz1-DEL16-INS10-EM1-B6N
16713	jr30886
16711	jr30887
16532	H-FAM63B-DEL355-EM1-B6N
13288	BLA2979
9097	BLA2222
15917	H-WBSCR22-DEL338-EM2-B6N
15917	H-WBSCR22-DEL410-EM3-B6N
6696	Loxl3 (H09)
13400	JAX-HEPD0769_4_E07-1
14227	BLA3258
13740	TCPA0984
12419	TCPM0904
8297	MGCJ
15743	TBCNB
10911	JAX-EPD0205_2_A04-2
13985	JAX-HEPD0723_1_C12-1
10819	BL5060
10927	BLA2517
6362	JAX-EPD0357_3_G04-1
10917	JAX-15144A-C11-2
10918	JAX-13678B-F5-2
10920	JAX-10312B-B2-2
3415	BL880
12924	JAX-EPD0394_1_G07-1
10930	BLA2521
10933	BLA2525
10953	JAX-13685A-B9-2
10958	JAX-10480A-B4-2
5144	BCM-EPD0162_2_B01-1
15777	CKAFB
16423	BRPUS
10959	JAX-17454A-H12-2
16424	BCM-EPD0686_3_F04-1
10969	JAX-12890A-H11-2
10970	JAX-11246A-H7-2
10971	JAX-11486A-F2-2
10973	JAX-11836A-B1-1
10982	JAX-12547A-C9-1
10979	JAX-15747A-C5-1
10986	JAX-14965A-E4-1
10984	JAX-13985A-F4-1
10989	JAX-19803A-B11-1
10987	JAX-10153A-B6-1
10992	JAX-11464A-C4-1
10996	JAX-19742A-F7-1
14392	JAX-12882A-F6-1
14403	JAX-14467A-C5-1
14394	JAX-11588A-A1-1
14400	JAX-14944A-C8-1
14393	JAX-13348A-C10-1
14383	BLA3319
14408	JAX-12666C-E6-1
14397	JAX-11736A-D7-1
14410	JAX-19731A-F11-1
14396	JAX-12016A-C4-1
14401	JAX-15502A-C9-1
16422	BMYLN
16421	BSIGM
16425	BSLCP
6001	TCPA0078
2906	BL1607
14472	BLA3335
15782	ACTRB
3454	BL1129_1
14534	17161A-H2
14536	18909A-B8
14548	JAX-17468-A11-1
14550	JAX-13163A-A7-1
14530	JAX-16791A-G4
14528	JAX-10869A-A2-1
14553	JAX-14720A-C12-1
4385	BL1414
14541	JAX-13142A-H7-1
14542	JAX-12049A-A2-1
14549	JAX-11483A-F5-1
14544	JAX-18938A-E2-1
14529	JAX-11217A-F1-1
14539	JAX-15276A-E3-1
14543	JAX-13675A-C4-1
13804	JAX-DEPD00013_2_G06-1
4379	BL1271
14531	11016A-G7
14535	12639A-D8
14538	JAX-18924A-A2-1
14540	JAX-16754A-H4-1
4478	BL2150
4528	BL2630
4648	UCD-10112C-B9-2
14398	JAX-19252A-D9-1
14581	JAX-11056B-B3-1
14583	JAX-13813A-H4-1
14578	JAX-13759A-A4-1
14585	JAX-15005A-H9-1
14584	JAX-11777A-C8-1
14579	JAX-13150A-G6-1
5302	UCD-10022B-C9-1
5316	UCD-10064A-B12-1
5356	UCD-10073A-F3-1
5422	UCD-10598A-A1-1
5320	ET10010
15789	MADLB
15790	MANBB
11094	JAX-EPD0391_2_A06-1
10159	Cilp EPD0226_2_D02 CreXPD
11102	JAX-12597A-C7-1
11103	JAX-13927A-D11-1
14680	JAX-15653B-B5-1
14679	JAX-16057B-G8-1
14681	JAX-10468A-B5-1
14678	JAX-19201A-H12-1
14690	JAX-15774A-H6-1
14692	JAX-11204A-E2-2
14693	JAX-18995A-G10-2
14691	JAX-13960A-E11-1
14684	JAX-16795A-F1-2
14689	JAX-19163A-F2-1
14694	JAX-15888A-C1-1
14699	JAX-13057A-C1-2
14698	JAX-10995B-E6-2
11421	JAX-10674A-D6-1
4892	TCPM0183
11422	JAX-10977A-E9-1
9172	BL4314
10195	BL4819
10574	BL4988
10451	BL4934
9182	BL4326
9727	BL4587
10955	JAX-18632A-A2-2
10960	JAX-10197D-C11-2
10993	JAX-19023A-F10-1
11423	JAX-10610A-F3-1
9872	BL4652
10941	BL5117
8727	BL4202
10570	BL4984
11105	JAX-19082A-B5-1
9044	BL4344
10361	BL4903
8585	BL4116
12802	JAX-13465A-A2-2
10829	BL5070
10885	BL5098
3673	BL1656
4461	BL2151
3705	BL1699
2542	BL1387
4457	BL1746
10957	JAX-17947A-B7-2
10912	JAX-EPD0151_6_C04-2
10952	JAX-13756A-E1-2
11685	JAX-11890A-C12-1
11686	JAX-13566A-G7-1
11728	JAX-10920A-E3-1
11611	BL5425
11652	BL5444
11760	BL5497
11765	BL5502
11908	BL5555
11892	BL5547
11890	BL5552
11889	BL5545
11950	BL5570
11854	BL5535
11822	BL5520
11894	BL5549
11855	BL5536
11987	BL5593
12040	BL5602
12041	BL5604
12044	BL5609
11975	BL5588
12111	BL5612
12158	BL5644
12112	BL5613
12122	BL5617
12135	BL5628
12114	BL5615
12145	BL5638
12136	BL5631
12199	VG10365B_E12
12201	BL2674
12208	BL2458
14909	JAX-17287A-C4-2
11175	JAX-10664A-A5-1
12198	BL5653
14911	JAX-10209A-A10-2
11176	JAX-10390D-F4-1
11194	JAX-18963A-C1-1
11191	JAX-10523B-G10-1
11188	JAX-DEPD00502_6_A05-1
11190	JAX-13677A-A4-1
11192	JAX-10751E-A4-1
14923	BLA3446
12295	BL5219
12296	BL5146
12297	BL5173
12299	BL5168
12301	BL5226
9205	BL5231
15037	BLA3472
4568	BL2380
15903	BLA3725
7798	BLA2024
8951	JAX-13360A-B7-1
15136	BL5233
6821	BL3210
9119	JAX-14664A-G8-1
9268	JAX-EPD0903_5_B01-1
9331	BL5221
10181	BL4807
10640	BL5039
9836	BL4641
10032	BL4751
10189	BL4814
10421	BL4923
10593	BL5001
8099	BL3935
9979	BL4709
10416	BL4919
9604	BL4539
8878	BL4253
9430	BL4479
10569	BL4983
12768	BL5153
10495	BL4953
10608	BL5013
10879	BL5090
10566	BL4976
2684	BL1512
3783	BL1831
9523	BL4506
10212	JAX-17697A-A5-1
10314	Cib1 HEPD0831_8_A03
10373	JAX-16064A-B12-1
10374	JAX-13664A-C12-1
10371	JAX-13571A-A2-1
10660	BLA2502
10559	JAX-EPD0804_6_E02-2
11533	BL5391
11569	BL5406
11433	JAX-13772A-E3-1
11434	JAX-13234A-G2-1
11428	JAX-11034A-C11-1
11429	JAX-16914A-G8-1
11519	JAX-10621A-E12-1
10963	JAX-EPD0208_6_G02-2
10965	JAX-DEPD00539_6_E09-2
13508	TOOZB
13486	TCPA0959
13482	TCPA0956
13479	TCPM0953
13492	TCPA0961
13478	TCPA0947
13501	DKKLB
13415	JAX-HEPD0617_2_A06-1
13413	JAX-EPD0052_5_G08-1
13511	INHBB
13414	JAX-HEPD0748_8_F07-1
13459	TCPA0916
13458	TCPA0915
13462	TCPM0919
13470	TCPA0935
12697	JAX-DEPD00518_2_H05-1
13440	BLA3021
12663	PPPB
13468	TCPA0933
12658	SYNRB
13451	BLA3029
13469	TCPA0934
13465	TCPA0925
13476	TCPA0950
13467	TCPA0932
13461	TCPA0918
13472	TCPA0937
13552	TCPA0940
12839	JAX-EPD0867_6_E11-1
13646	BLA3060
13649	BLA3062
9439	JAX-19027A-C5-1
14038	JAX-HEPD0616_5_D07-1
14035	JAX-EPD0697_2_A11-1
14006	BLA2902
13983	JAX-EPD0618_5_H10-1
14029	JAX-HEPD0833_1_G03-1
14164	BLA3205
14161	BLA3203
14197	BLA3229
14023	BLA3176
15541	BLA3365
11160	JAX-EPD0855_4_A09-1
16012	EFCBB
12910	AIETB
12286	BL5160
7078	JAX-EPD0727_5_F01-1
7696	JAX-17795A-F9-1
12306	BL5165
7699	JAX-11560A-D8-1
12202	BL1972
12305	BL5172
12287	BL5201
12291	BL5202
12298	BL5235
12302	BL5166
12304	BL5179
12303	BL5245
12292	BL5138
12293	BL5237
8720	JAX-13429A-A5-1
9450	JAX-15324A-A6-1
16013	INOEB
10584	BL4993
16011	DDXWB
7213	JAX-12132A-H9-1
7695	JAX-14596A-D6-1
7921	4933411G11Rik <EPD0802_4_B03>
7671	BLA2010
7735	BLA2017
7563	BLA1988
6923	JAX-15506A-D3-1
7698	JAX-17478A-C8-1
4864	MESH
6482	MFMF
6655	JAX-DEPD00532_6_B11-1
7210	JAX-EPD0754_3_D01-1
11026	9330101J02Rik EPD0460_3_E03
6420	MFLU
6600	JAX-EPD0207_5_B07-1
7013	BL3477
7024	BL3485
7031	BL3487
7032	BL3486
7100	BL3523
7109	BL3530
7129	BL3533
8009	BL3902
4673	MELP
6664	JAX-EPD0478_1_A04-1
6728	JAX-HEPD0744_5_D10-1
8054	BLA2067
7915	Hip1r <EPD0663_1_C06>
11323	BLA2607
12537	BLA2800
6919	JAX-13508A-C5-1
6924	JAX-14579B-G5-1
7141	JAX-13624A-A1-1
4667	MEMS
8115	4930451I11Rik <EPD0468_5_B08>
4961	METG
5681	MFBQ
7201	JAX-EPD0618_1_B03-2
7665	BLA2001
8153	JAX-19295A-E11-1
4734	MENJ
7260	MFWA
6747	JAX-13480A-E3-1
7278	BL3612
7302	BL3628
7303	BL3629
8219	BLA2096
8347	MGCU
4276	MEJT
7439	JAX-EPD0653_2_A06-1
8385	JAX-EPD0694_5_B10-1
4149	MEEY
6151	JAX-EPD0125_5_H05-1
4122	MEGB
4340	MELE
6153	JAX-EPD0815_7_G05-1
6584	MFNG
7261	MFVX
8490	MGDS
4339	MEKG
5095	MEXP
9778	BL4622
10815	BL5063
10816	BL5064
10818	BL5061
10820	BL5059
10808	BL5051
10848	Maml2 HEPD0822_3_A10
10844	Apeh HEPD0817_4_A01
10878	BL5091
10880	BL5092
10883	BL5094
10884	BL5099
10926	BLA2516
10946	BL5119
10948	TCPA0574
10974	JAX-12921A-H2-1
2540	BL1100
11401	BL5324
2672	BL1450
2680	BL1480
2682	BL1487
2687	BL2372
2688	BL1537
2900	BL1579
2901	BL1580
2903	BL1583
2905	BL1596
2907	BL1608
2908	BL1610
3414	BL794
3419	BL865
3460	BL1154
3497	BL1272
3503	BL1298
3517	BL1336
3524	BL1349
3577	BL1469
3594	BL1707
3595	BL1504
3598	BL1503
3602	BL1509
3604	BL1510
3606	BL1514
3611	BL2450
3613	BL1530
3619	BL1546
3639	BL1599
3729	BL1749
3689	BL1682
3691	BL1678
3695	BL1687
3702	BL1803
3715	BL2289
3718	BL1720
3761	BL1792
3742	BL1770
3777	BL1823
3790	BL1843
3801	BL1859
3808	BL1870
3813	BL1883
3850	BL1940
3938	BL2097
4094	Ccl4
11060	BLA2247
4148	MEFB
4154	MEFS
4188	MEFH
4216	Itga (G06)
4207	MEGC
4252	MEJW
4257	MEHD
4288	MEHY
5661	MFBM
4315	MEKN
4352	Prdm15 EPD0114_3_G01
4367	BL817
4374	BL2338
4382	BL1301
4387	BL2440
4391	BL1368
4393	BL2493
4400	BL1436
4407	BL1483
4432	BL2426
4476	BL2430
4450	BL2489
4477	BL2410
4480	BL1977
4491	BL2086
4496	BL2120
4501	BL2226
4521	BL2275
4525	BL2273
4526	BL2277
4513	BL2252
4514	BL2254
4515	BL2259
4522	BL2276
4523	BL2272
4524	BL2274
4533	BL2302
4542	BL2322
4544	BL2327
4545	BL2323
4547	BL2325
4553	BL2344
4554	BL2345
4560	BL2359
4586	BL2400
4587	BL2405
4614	BL2479
4595	BL2425
4596	BL2427
4604	BL2451
4605	BL2456
4607	BL2455
4613	BL2476
4622	BL2496
4633	BL2510
4634	BL2515
4638	BL2529
4640	BL2535
4641	BL2534
4642	BL2533
4644	BL2547
4646	BL2548
4647	BL2558
4660	MEMW
4664	MELJ
4672	MELM
4698	BL1297
4701	BL1541
4703	BL1726
4704	BL1824
4706	BL2475
4725	MENU
4733	MENE
4736	MENV
4738	MEPB
4740	MENP
4772	BLA1534
4756	MENR
4757	MENH
4761	MENY
4786	MEQU
4794	MEQQ
4805	MEQT
4829	BLA1570
4947	METT
4954	MEPV
4958	METY
4979	MEUN
11082	Rnft2 HEPD0725_1_A07
4969	JAX-14613A-D9-1
5001	MEVF
5015	MEVR
5083	MEXJ
5153	TCPA0030
5104	MEXT
5122	MEYL
5132	MEYP
5135	MEYV
5155	TCPA0037
5158	TCPA0049
5159	TCPA0050
5160	TCPA0051
5161	TCPA0052
5163	MEZD
5171	BL2779
5172	BL2799
5311	UCD-10023B-F4-1
5313	UCD-10036B-C3-1
5318	UCD-10018G-C5-1
5327	UCD-10173D-F6-1
5358	UCD-10337A-H4-1
5399	UCD-10590A-B8-1
5424	UCD-10698B-F2-1
5455	UCD-10698C-D12-1
5457	UCD-10112A-C9-1
5462	UCD-11015D-E7-1
5480	UCD-11043A-A8-1
5488	UCD-12492A-E3-1
5491	UCD-12476A-D5-1
5513	UCD-10053G-F11-1
5518	UCD-12770A-D7-1
5521	UCD-10650B-C5-1
5526	UCD-13117A-A3-1
5548	UCD-12400B-E10-1
5571	UCD-12561E-F1-1
5572	UCD-12561D-H2-1
11090	Polm EPD0135_1_A10
11099	JAX-HEPD0733_5_F03-1
5630	JAX-10866A-D7-1
5631	JAX-10680C-D1-1
5632	JAX-15602A-A5-1
5653	MFBG
5673	JAX-17027A-F6-1
5687	JAX-10050A-F4-1
5727	JAX-13006A-C11-1
5728	JAX-11502A-B6-1
5729	JAX-13574A-G11-1
5730	JAX-13169A-A4-1
5725	Lamb3(C12)
5762	JAX-11798A-A5-1
11104	JAX-13947A-C4-1
5761	JAX-15380A-C6-1
5812	MFDD
5897	JAX-DEPD00535_5_A01-1
5899	JAX-EPD0246_7_C11-1
5901	JAX-EPD0670_4_A08-1
5925	BL2928
5958	JAX-11576A-B10-2
5959	JAX-12105B-B6-2
5960	JAX-17207A-B5-2
5963	JAX-10851A-D11-2
5965	JAX-13007A-F5-2
5981	EPD0101_2_E10
5985	BL2975
5989	BL2970
6003	TCPM0198
6013	JAX-EPD0516_1_G08-1
5977	JAX-EPD0625_3_E10-2
6012	JAX-EPD0322_4_E10-1
6019	JAX-DEPD0003_3_D01-1
6473	BL3194
6041	JAX-16086A-B10-2
6042	JAX-17200A-E2-2
6043	JAX-17146A-A5-2
6081	BL3017
6126	EVL(A03)
6082	BL3034-11
6112	Eif4h <EPD0664_1_F08>
6198	Lgals3 (A09)
6138	JAX-EPD0395_5_A02-1
6140	JAX-EPD0550_1_B09-1
6187	BL3037
6190	BL3033
6257	JAX-DEPD00513_4_D01-1
6305	MFJY
6353	JAX-EPD0332_1_A05-1
6361	JAX-EPD0319_6_B07-1
6363	JAX-DEPD00518_3_C12-1
6201	Mthfd2l(C08)
6429	MFMC
6356	JAX-DEPD00557_2_E01-1
6357	JAX-EPD0304_3_G01-1
6443	Zfp207(E04)
6453	Gosr2(F01)
6411	BL3161
6431	MFLS
6437	BL3175
6457	BL3181
6460	JAX-EPD0309_4_A07-1
6525	BL3211
6526	BL3207
6527	BL3208
6529	BL3217
6542	BL3227
6554	BL3236
6617	BLA1824
6625	BL3281
6537	JAX-EPD0309_4_B09-1
6544	BL3232
6549	17806 (PH)
6550	17847 (PH)
6551	17873 (PH)
6575	MFNE
6579	MFNT
6591	BL3256
6592	BL3259
6620	Sirt4(E08)
6627	BL3283
6616	Abcc2(B03)
6624	BL3282
6637	BL3290
6648	BL3310
6650	BL3307
6652	JAX-12241A-A8-1
6654	JAX-14446B-C4-1
6657	JAX-EPD0282_5_A02-1
6697	Pomt2 (D12)
6700	Rlbp1 9C10)
6653	JAX-17289A-B9-1
6683	BL3331
6736	1700019B03Rik <EPD0639_2_A03>
6668	MFQA
6671	MFQD
6718	Scarb1 <EPD0548_1_A10>
6764	Fbxo18 (G12)
6767	Rcc2 (B10)
6772	JAX-EPD0374_5_A09-1
6733	Fbxo31 <EPD0631_4_E11>
6762	Rnf183 (D07)
6789	TCPA0147
6810	MFRJ
6823	BL3214
6826	BL3247
6835	BL3289
6837	BL3306
6838	BL3311
6841	BL3339
6852	BL3367
6854	BL3369
6856	BL3378
6866	BL3396
6882	BL3409
6897	BL3229
6900	BL3424
6901	BL3423
6902	BL3425
6904	BL3426
6909	BL3430
6918	JAX-EPD0657_5_D04-1
6936	Rptor(H12)
6935	Ctnnbip1(G10)
6926	MFRV
6780	MFRC
6905	MFSC
6916	JAX-10451A-D6-1
6920	JAX-15411B-D1-1
6921	JAX-15514A-D8-1
6922	JAX-13145A-C1-1
6947	BL3431
6967	MFSX
6992	Clqtnf2(a12)
6944	Gbx1(C09)
6982	MFSJ
6953	Tulp3(B01)
6965	MFRZ
6981	MFSQ
6994	BL3463
6997	BL3450
6998	BL3451
7000	BL3455
7048	Zfp207 (A02)
7009	TCPA0169
7010	BL3479
7022	BL3483
7045	Gfi1b (E11)
7105	BLA1904
7060	BL3504
7063	BL3508
7066	BL3511
7073	BL3512
7076	JAX-EPD0741_1_F11-1
7077	JAX-EPD0246_4_C03-1
7079	JAX-EPD0331_1_A04-1
7160	BL3555
7088	BL3518
7147	JAX-EPD0411_3_B02-1
7133	BL3538
7089	BL3517
7090	BL3519
7135	BLA1910
7138	Pkd2L2(A07)
7155	BL3546
7159	BL3554
7161	BL3556
7164	BL3559
7145	JAX-EPD0806_6_A02-1
7175	BL3563
7177	BL3569
7202	JAX-13722A-C12-1
7203	JAX-12112A-A9-1
7204	JAX-11974A-H1-1
7214	JAX-EPD0399_1_C12-1
7176	BL3567
7183	Ube2u(F06)
7224	BL3579
7238	BL3586
7249	BLA1941
7252	BL3599
7253	BL3601
7254	BL3596
7263	BL3605
7275	BL3610
11113	BLA2536
7276	BL3611
7332	BL3641
7277	BL3615
7318	BL3634
7329	MFWM
7414	BLA1971
7319	BL3630
7320	BL3658
11486	BL5357
7353	BL3654
7365	BL3667
7390	JAX-EPD0396_3_H07-1
7400	JAX-DEPD00539_7_G09-1
7354	BL3655
7382	Zfp111 <EPD0603_3_A07>
7402	JAX-DEPD00583_3_G07-1
7404	JAX-EPD0415_3_C09-1
7407	JAX-EPD0374_4_F12-1
7417	BL3679
7438	JAX-18561B-G9-1
7422	JAX-12297A-G5-1
7450	BL3685
7477	JAX-EPD0307_1_F05-1
7514	BL3735
7516	BL3733
7547	JAX-DEPD00505_6_B03-1
7549	JAX-EPD0479_2_H11-1
7575	BL3751
7582	BL3753
7612	JAX-14478B-H12-1
7546	JAX-EPD0570_3_F06-1
7548	JAX-EPD0025_3_F02-1
7550	JAX-DEPD00562_5_D12-1
7604	BL3762
7605	BL3763
7616	JAX-14754A-G8-1
7618	JAX-14340A-A3-1
7620	JAX-13834A-A6-1
7621	JAX-15671A-D10-1
7609	JAX-DEPD00524_3_E01-1
7625	BL3768
7631	MFYV
7888	PH19131
7691	Anapc13 <EPD0958_2_A11>
7725	BL3799
7741	BL3800
7729	MFZJ
7838	Arhgap23 <EPD0184_4_B09>
7740	BL3801
7825	JR19387 (PH)
7861	BL3826
7844	1500032L24Rik <EPD0486_1_A06>
7859	BL3824
4985	JAX-12997A-A1-2
4986	JAX-10152A-A5-1
5116	JAX-15762A-A6-1
5118	JAX-10763C-A2-1
5119	JAX-14779A-E2-1
7610	JAX-EPD0033_2_C05-1
7839	Cytip <EPD0684_1_G03>
7860	BL3825
11493	BL5364
7807	JAX-DEPD00513_1_C09-1
7420	JAX-15754B-E2-1
4967	JAX-12088A-C4-1
4984	JAX-12650A-B5-1
5117	JAX-12335A-F4-1
5209	JAX-15347A-G12-1
5212	JAX-13475A-G5-1
7809	JAX-EPD0293_6_D02-1
5229	MEZT
5210	JAX-15769A-B10-1
4742	MENA
5214	JAX-10871A-A7-1
6040	JAX-10509A-B6-2
8282	MGCL
4272	MEHU
5666	MFBN
4258	MEGU
5219	MEZP
5628	JAX-10030C-F5-1
7322	MFWW
6630	MFPH
7728	MFZA
4174	MEEF
8542	MGDX
4875	MESG
6492	MFMM
7518	MFWF
4243	MEJY
4531	BL2300
4534	BL2306
5680	JAX-10235B-G11-1
7614	JAX-13573A-B8-1
7697	JAX-17908A-A10-1
7262	MFWC
4543	BL2321
4558	BL2351
4598	BL2428
4600	BL2449
4603	BL2453
4606	BL2459
6571	MFNM
8550	Ccdc181 <HEPD0820_3_A04>
10990	JAX-19020A-H7-1
4519	BL2269
4585	BL2398
4591	BL2409
7637	MFYU
4538	BL2311
4552	BL2342
4578	BL2388
4579	BL2394
4583	BL2396
4632	BL2509
5187	BL2790
5191	BL2283
5712	BL2874
5992	BL2967
6278	BL3091
6283	BL3102
6366	BL3122
6380	BL3131
6382	BL3140
6185	BL3070
6282	BL3101
6374	BL3135
5987	BL2987
6049	BL3001
6184	BL3073
6203	BL3079
6384	BL3141
6386	BL3113
7393	BL3674
7415	BL3680
7447	BL3688
7481	BL3706
7034	BL3034
10978	JAX-EPD0825_3_E12-1
6865	BL3395
7301	BL3627
7418	BL3682
7471	BL3700
7506	BL3728
4247	MEHZ
4286	MEHR
4332	MEKK
4685	MELW
4746	MEPE
7581	BL3752
8576	BL4099
12628	TCPA0882
12630	BLA2844
4294	MEKC
4741	MENF
5097	MEXR
5101	MEYF
7482	BL3707
7574	BL3750
8676	BL4188
7560	BLA1985
4285	MEHJ
7206	JAX-12788B-C6-1
7866	BLA2035
7841	Abca1 <HEPD0720_5_A09>
7730	MFZB
4158	MEGD
7719	MFZE
8551	Eml2 <EPD0435_1_G11>
12639	BLA2840
7311	Cyp4f16(H05)
8718	JAX-18550A-G4-1
6556	BL3234
4161	MEEH
7737	BL3802
7207	JAX-DEPD00552_2_G06-1
7724	BL3798
8745	BL4214
8635	BLA2160
8799	BL4237
1187	BL988
4910	BL2589
4915	BL2596
7615	JAX-12489A-E11-1
8886	JAX-DEPD00568_3_A03-1
8330	BL4037
8952	JAX-12494A-F11-1
8955	JAX-10925A-F2-1
8982	MGHP
4886	TCPA0008
8093	BL3929
9061	BLA2214
9057	BLA2210
6831	BL3278
9083	BL3534
6378	BL3129
8882	BL4257
7727	MFZF
4321	MEKM
7629	MFYS
7053	MFUQ
12731	TCPA0891
9184	BL4334
6638	BL3293
8996	Btbd16 <HEPD0782_2_B03>
6989	Ppm1a(G04)
6459	JAX-EPD0527_3_D03-1
9234	BL4398
12770	BL5134
12771	BL5133
12773	BL5232
7144	JAX-EPD0813_5_B06-1
12769	BL5147
7212	JAX-14354A-G10-1
7408	JAX-EPD0390_1_E02-1
8139	JAX-13036A-D9-1
9447	JAX-12702A-D12-1
12026	Trip6 HEPD0850_5_A03
11565	BL5402
5123	MEYK
9601	BL4533
3530	BL1446
1192	BL1016
3875	BL1996
4390	BL1378
4489	BL2067
4490	BL2080
4502	BL2227
2522	BL1346
2683	BL1492
3500	BL1285
3512	BL1321
3523	BL1348
3542	BL1380
3549	BL1389
3565	BL1425
3576	BL1464
3579	BL1470
3580	BL1472
3586	BL1484
3597	BL1502
3615	BL1540
3669	BL1653
3698	BL1690
3751	BL1780
3779	BL1825
3835	BL1918
4404	BL1459
4405	BL1460
4408	BL1485
4411	BL1496
4508	BL2238
4510	BL2240
2524	BL1157
2671	BL1441
3510	BL1314
3528	BL1357
3529	BL1355
3543	BL1376
3591	BL1842
3612	BL1532
3684	BL1672
3735	BL1761
3739	BL1765
3740	BL1802
3795	BL1849
3799	BL1856
3832	BL1923
3891	BL2161
4483	BL2013
4500	BL2223
5512	UCD-10053F-G10-1
5230	MEZU
5600	UCD-16861A-H5-1
5931	BL2949
6085	BL3023
6088	BL3014
6474	BL3195
6477	BL3200
6479	BL3199
6589	BL3258
7863	BLA2030
6915	JAX-EPD0234_3_C05-1
9680	BL4570
8508	BLA2145
10915	JAX-EPD0706_4_A09-2
12160	BLA2727
9835	BL4640
10777	TCPA0800
9482	BLA2289
10964	JAX-EPD0770_1_C03-2
5315	UCD-10055A-H10-1
5328	UCD-10173D-E2-1
7975	4931406C07Rik <EPD0592_1_H01>
8157	JAX-11443B-B7-1
8166	17828(PH)
7636	MFYT
8707	Hmga1 <HEPD0795_1_B09>
4157	MEEK
8488	Orai1 <HEPD0538_6_C03>
8604	BL4145
12886	TCPA0905
8299	MGCG
8020	MGAP
6776	MFRE
7421	JAX-18576A-D2-1
8565	BL4087
5243	JAX-12859A-A2-1
5629	JAX-12455A-G6-1
5633	JAX-11902A-A6-1
5634	JAX-11674A-C9-1
5669	JAX-15565A-F8-1
5672	JAX-17312A-C11-1
5674	JAX-15631A-A2-1
5676	JAX-13867A-D12-1
5679	JAX-13038A-G1-1
5732	JAX-17610A-C12-1
8954	JAX-10296B-H3-1
5129	JAX-17706A-A11-1
5627	JAX-17346A-B4-1
5668	JAX-14437A-C3-1
6037	JAX-17603A-A10-2
6597	JAX-15335A-A7-1
6666	JAX-16072A-D12-1
6745	JAX-10211A-E7-1
8584	BL4119
8610	BL4146
8290	MGCF
6364	JAX-EPD0267_5_C12-1
6547	BL3228
8248	JAX-EPD0406_4_H07-1
6538	JAX-EPD0610_4_F10-1
7205	JAX-11383A-F1-1
8834	MGFY
8538	MGEA
8833	MGFV
7723	MFZH
6880	MFRQ
12989	BLA2938
9518	TCPM0630
7588	Hyal4 <EPD0927_4_G04>
8904	MGGG
8360	BLA2118
9464	Aplp2 <HEPD0788_6_A05>
12102	TCPM0848
6458	JAX-EPD0528_5_A08-1
8728	BL4203
8914	MGGL
7935	BLA2045
8903	MGGN
5828	BL2912
9060	BLA2212
8797	MGGA
8473	MGDN
8758	MGFJ
9094	BLA2219
9572	JAX-HEPD0510_4_F05-1
9547	BLA2317
8191	AI467606 <EPD0960_1_A12>
8316	BL4034
8934	Tmtc3 <EPD0509_1_G09>
9690	Knop1 <EPD0087_4_H11>
8430	BLA2131
6777	MFRD
9491	BLA2298
5216	MEZK
10123	JAX-EPD0375_3_A09-1
10945	BL5118
7325	MFXB
10040	Trim59 <HEPD0779_4_B02>
9603	BL4538
11095	JAX-18681A-E12-1
9508	Srprb <HEPD0791_8_C09>
11165	Pigo EPD0564_1_A03
4366	BL816
6587	BL3250
8096	BL3932
4589	BL2408
10309	Fgf3 HEPD0805_1_D02
11590	BL5417
11578	BL5412
11580	BL5414
11646	BL5440
10757	Ccnt2 EPD0116_1_G01
11683	JAX-18796A-G12-1
11684	JAX-16084A-A8-1
11721	JAX-10577A-A12-1
10179	JAX-EPD0351_3_H02-1
11730	BL5476
11740	JAX-14956A-A7-1
11625	JAX-HEPD0711_6_E04-1
11748	BL5489
8984	MGHR
11678	BL5466
11761	BL5498
11762	BL5499
8796	MGFX
10635	BL5035
11918	JAX-10658A-A10-1
11916	JAX-13346B-G3-1
10817	BL5062
11917	JAX-13493A-H6-1
11914	JAX-11164C-G3-1
11738	JAX-EPD0383_6_B01-1
9344	BLA2274
5848	Cyp2e1(F11)
7103	Gnao1(G05)
9437	JAX-15032A-F5-1
11837	BLA2684
6634	MFPR
6672	MFQF
6485	MFMJ
11912	JAX-14600A-G5-1
11581	JAX-DEPD00572_5_B12-1
11921	JAX-14545B-A5-1
11922	JAX-12927A-B11-1
11665	BL5456
11754	BLA2672
11807	BLA2596
11968	BLA2710
4271	MEJH
6658	JAX-EPD0285_1_C04-1
7634	19033 (PH)
7659	JR19498 (PH)
8064	JAX-EPD0025_1_G12-1
12030	Wdr1 HEPD0812_5_B03
11920	JAX-13548A-D3-1
12085	TCPA0828
12107	BLA2704
12176	JAX-EPD0375_4_A05-1
8699	BLA2178
7186	Cybb(C11)
8214	BLA2087
6937	Rtn1 (G10)
12087	TCPA0830
12088	TCPA0831
12094	TCPM0850
12093	Harwell-EPD0136_6_D11-1
12076	JAX-EPD0073_5_D06-1
12195	VG13052B_F4
12200	BL1186-1
8276	MGCH
5757	UCD-14074D-C12-1
6179	VG10130B_E8
11839	BLA2687
5742	UCD-10698D-A8-1
12219	JAX-17785A-B7-1
12224	JAX-13586B-H3-1
12227	JAX-16712A-A8-1
12233	JAX-11507A-B3-1
9000	Chd4 <EPD0157_4_A11>
12204	BLA2741
12221	JAX-15770A-B4-1
12182	JAX-10669A-H9-1
12234	JAX-17516A-H1-1
11193	JAX-13729A-H11-1
11202	JAX-18644A-B10-1
11181	JAX-14747A-A12-1
12243	Trim50 EPD0195_1_B12
7093	4933434I20Rik <EPD0626-4-B08>
7837	Aldh9a1 <EPD0854_2_A12>
7916	Il12rb1 <EPD0847_4_B02>
8929	Ckap4 <HEPD0826_1_B02>
7428	1700006E09Rik <EPD0761-5-A03>
8118	Pyroxd1 <EPD0798_1_C08>
11210	BLA2545
12258	JAX-15413A-A12-1
11212	BLA2547
4228	Klf7
4834	EPb4.1L5 - B10 - B6J
6716	Rnf38 <EPD0125_5_E03>
10036	Pdx1 <EPD0546_5_D01>
11218	BLA2556
12257	JAX-10756D-A8-1
11217	BLA2555
11211	BLA2546
11208	JAX-11911A-E10-1
11209	JAX-11264A-D2-1
11213	BLA2548
11245	BL5241
11247	BL5243
11260	BL5250
11252	BLA2588
11230	BLA2575
11251	BLA2587
11233	BLA2580
11231	BLA2576
11186	JAX-DEPD0007_1_G07-1
4722	Prdm4
7101	Idh2(G10)
4833	Grm6-G06
6938	Pdpn(A10)
6973	MFSS
7335	Col4a3-(B07)
12264	BLA2749
10881	BL5093
7919	Col1a2 <EPD0536_7_E02>
6805	MFRH
6582	MFNW
7722	MFZC
7266	MFWG
6585	MFNS
4171	MEGQ
6628	MFPL
6673	MFQE
7338	MFWX
9759	Gstm4 <HEPD0788_3_E05>
8902	MGGJ
11262	BL5252
6434	MFLP
7577	MFWY
6722	Aldob EPD0830_3_H05
6951	MFSG
6968	MFSE
7840	Ccdc64 <EPD0530_7_B03>
7187	P2rx6(A09)
11672	BLA2668
6445	Casz1(D09)
6532	Epas1(B11)
6952	Sema3f(A04)
7251	BLA1944
7487	BLA1980
7664	BLA1997
7779	Dppa1 <EPD0218_2_A09>
11278	BL5258
11282	BL5266
11277	BL5260
11279	BL5259
11280	BL5264
11286	BL5274
11265	BL5255
11310	JAX-14858B-B5-1
11302	Cd55 HEPD0648_3_A07
11300	Med17 HEPD0744_7_A03
11304	Pde4dip EPD0727_5_G09
11299	Zfp420 HEPD0825_4_D04
11303	Zfp609 HEPD0819_1_B01
8493	MGDT
6273	Clstn1 (G03)
11320	TCPM0817
12363	BLA2763
2516	BL1402
12386	BLA2772
11338	Trib1 EPD0099_5_D04
2525	BL1190
2678	BL1474
2689	BL1552
3514	BL1322
3518	BL1335
3527	BL1350
3534	BL1437
3535	BL1367
3536	BL1372
3538	BL1373
3622	BL1551
3741	BL1811
3794	BL1848
3800	BL1855
3868	BL2522
3877	BL1997
4237	MEJB
4270	MEKD
4281	MEHK
4397	BL2441
4484	BL2014
4504	BL2461
4532	BL2301
4561	BL2358
4571	BL2378
4574	BL2382
4594	BL2424
4637	BL2531
4869	MESR
4914	BL2597
5057	MEWL
5136	MEYS
5213	JAX-12893A-A12-1
5357	UCD-10337A-D1-1
5583	UCD-15097A-C7-1
5671	JAX-13400A-E12-1
5839	JAX-17330A-A2-1
5964	JAX-13239A-E6-2
6017	JAX-DEPD00513_4_C01-1
6145	JAX-EPD0588_3_D03-1
6155	JAX-EPD0334_7_D05-1
6157	JAX-DEPD00505_1_C01-1
6175	Rps6kc1 <EPD0425_4_E01>
6381	BL3137
6391	BL3155
6704	Rgnef -(D06)
6734	1110001J03Rik <EPD0647_2_B09>
6853	BL3368
6886	BL2813
6917	JAX-18800A-A10-1
7075	JAX-EPD0394_3_G06-1
7148	JAX-DEPD00564_2_D02-1
7195	TCPA0502
7387	Skiv2l <EPD0795-4-B02>
7406	JAX-EPD0661_4_E03-1
7426	Etnk1 <EPD0780_4_C12>
7441	JAX-DEPD00501_4_C09-1
7483	BLA1975
7608	JAX-12268A-E10-1
7611	JAX-15075A-A5-1
7672	BLA2011
7731	MFZG
7816	JAX-EPD0570_3_D10-1
7908	JAX-EPD0107_5_F04-1
7914	4930505A04Rik <EPD0583_4_G01>
7922	JAX-DEPD00519_2_C05-1
7947	BL3866
7953	BL3872
7982	BL3877
7991	BLA2051
8042	PH19139
8060	JAX-HEPD0705_6_G06-1
8061	JAX-HEPD0583_2_B09-1
8063	JAX-HEPD0752_5_F07-1
5652	Aph1c(A03)
8070	JAX-EPD0101_5_B03-1
8090	BL3926
8102	BL3938
8111	Bmp4 <HEPD0739_1_F09>
8117	4933426M11Rik <EPD0884_1_C03>
8028	MGAQ
8119	Zfpl1 <EPD0795_2_B03>
8149	BL3374
8152	JAX-12298A-C9-1
8154	JAX-11571A-A3-1
8156	JAX-13871A-D1-1
8159	JAX-18132A-C2-1
8161	JAX-DEPD00539_9_E02-1
8174	JAX-DEPD00517_6_B05-1
8187	Awat1 <EPD0851_4_B05>
8193	Nek10 <EPD0135_5_F05>
8217	EIG2092
8218	BLA2095
8234	0610009B22Rik <HEPD0734_2_D04>
8235	Tbc1d24 <EPD0549_1_A08>
8238	BC048562 <EPD0735_1_G09>
8240	BL1601
8249	JAX-EPD0086_1_B11-1
8252	JAX-EPD0816_4_B02-1
8262	JAX-JKOMP47947-1F2-1
8305	BLA2109
8306	BLA2111
8311	BL4029
8340	Rundc3a <EPD0785_4_A05>
8348	BL4047
8371	BL4061
8376	JAX-13389A-A11-1
8377	JAX-16092A-B4-1
8382	JAX-EPD0379_2_F12-1
8387	JAX-15497A-A12-1
8388	JAX-14897A-F12-1
8389	JAX-13785A-E7-1
8397	BL4068
8401	BL3837
8406	BL3842
8407	BL3843
8410	Efcab2 <EPD0605_2_C06>
8413	Zfp831 <EPD0756_3_B06>
8419	BL4074
8422	JAX-EPD0391_5_A05-1
8424	BLA2124
8427	BLA2127
8445	Arhgap33 <EPD0345_1_C03>
8489	Esyt2 <EPD0681_4_A11>
8511	BLA2149
8512	BLA2141
8549	Fam209 <EPD0700_5_H12>
8552	S1pr3 <EPD0617_4_E04>
8564	BL4084
8566	BL4091
8567	BL4089
8568	BL4090
8575	BL4098
8582	BL4114
8588	BL4117
8534	MGDW
8539	MGEC
8590	BL4122
8592	BL4124
8593	BL4123
8595	BL4133
8617	BL4161
8618	BL4157
8619	BL4162
8622	BL4165
8624	BL4167
8629	BLA2154
8632	BLA2158
8639	BLA2169
8648	JAX-EPD0389_3_B05-1
8651	JAX-DEPD00540_3_A05-1
8659	JAX-EPD0599_4_C06-1
8660	JAX-HEPD0747_6_B06-1
8663	JAX-EPD0700_3_A11-1
8664	JAX-EPD0161_2_C01-1
8666	JAX-EPD0075_2_F04-1
8675	BL4187
8641	EIG2171
8683	JAX-DEPD00549_6_B03-2
8685	JAX-EPD0317_6_H07-1
8713	G3bp1 <EPD0551_4_H12>
8719	JAX-15992A-H10-1
8731	BL4206
8744	BL4215
8746	BL4213
8747	BL4212
8749	BL4210
8759	BLA2186
8760	BLA2187
8765	BLA2192
8779	BL4230
8780	BL4231
8786	Pde1b <EPD0722_5_A11>
8787	Nr6a1 <EPD0105_6_D04>
8788	Dnhd1 <HEPD0825_8_D08>
8790	Gins4 <HEPD0825_6_A07>
8791	Gprc5d <EPD0425_7_E03>
8792	Dock2 <EPD0428_4_B02>
8800	BL4238
8803	BL4242
8804	BL4243
8835	MGFQ
8837	MGFN
8795	MGFT
8858	BL4219
8876	BLA2203
8880	BL4255
8881	BL4256
8884	BL4259
8890	JAX-DEPD00554_4_A03-1
8895	JAX-17987A-F5-1
8896	JAX-17991A-H8-1
8897	JAX-13331A-E12-1
8887	JAX-EPD0714_4_C11-1
8909	BL4265
8917	Bcl7b <EPD0382_3_D09>
8918	JAX-EPD0199_3_B01-2
8921	JAX-DEPD00546_3_A09-1
8893	JAX-EPD0035_1_C02-1
8888	JAX-EPD0658_5_D08-1
8892	JAX-EPD0731_3_F01-1
8933	Cep76 <HEDP0789_4_B04>
8935	Galntl5 <EPD0098_6_A02>
8949	BL4297
8956	JAX-EPD0647_3_B12-1
8957	JAX-HEPD0759_7_H11-1
8960	JAX-HEPD0543_6_E02-1
8963	BL4251
8991	Ercc5 <HEPD0791_6_A10>
8993	Ism2 <HEPD0782_6_B06>
8994	Kars <HEPD0792_4_A06>
8997	Amdhd1 <HEPD0793_1_B09>
8998	Xpot <HEPD0794_1_A11>
9001	Pes1 <EPD0726_3_A09>
9002	Akap7 <HEPD0796_3_A09>
9004	Adss <EPD0458_4_G04>
9190	BL4341
8924	MGGP
9006	Zfp459 <EPD0636_1_G08>
9008	Cts6 <EPD0857_4_C11>
9042	BL4333
9191	BL4342
9063	BLA2218
9075	TCPA0575
9077	TCPM0691
9082	BL3352
9073	MGHZ
9101	EIG2227
9071	MGHX
9116	JAX-16874A-F11-1
9117	JAX-18960A-B11-1
9118	JAX-13396A-F8-1
9120	JAX-11729A-A7-1
9124	JAX-HEPD0666_1_D01-1
9131	BL4373
9133	JAX-13992A-G2-1
9135	JAX-EPD0575_2_B02-1
9164	BL4280
9169	BL4306
9173	BL4317
9174	BL4318
9185	BL4335
9122	JAX-10861A-C8-1
9196	BL4363
9199	BL4366
9207	JR17781(PH)
9226	TCPM0671
9233	JR19050(PH)
9236	BL4400
9254	JAX-HEPD0753_3_G03-1
9255	JAX-HEPD0637_7_H01-1
9269	JAX-EPD0652_2_E11-1
9219	TCPA0696
9271	Epb4.1l4b <HEPD0674_4_A08>
9272	Abca13 <EPD0425_1_E07>
9273	Col14a1 <EPD0099_2_C06>
9277	4933406M09Rik <HEPD0835_2_C02>
9278	Pptc7 <HEPD0761_8_C11>
9284	JAX-13021A-C2-1
9285	JAX-10264A-B5-1
9286	JAX-15981A-G3-1
9288	JAX-15239A-C1-1
9289	JAX-11452A-E5-1
9291	JAX-12670B-G6-1
9297	Abca3 <HEPD0715_9_A02>
9298	JAX-HEPD0653_1_F04-1
9300	JAX-EPD0401_3_G09-1
9301	BL3747
9302	BL4417
9308	BL4423
9293	JAX-16694B-G5-1
9317	JAX-EPD0195_3_H07-1
9326	BL4428
9069	TCPM0605
9346	BLA2272
9349	BLA2266
9350	BLA2265
9357	BLA2254
9361	BL4298
9363	BL4340
9365	BL4447
9366	BL4448
9371	BL4452
9383	BL4459
9385	BL2035
9390	BL4409
9393	BL4462
9403	BL4463
9397	BLA2281
9351	BLA2264
9419	JR21342(PH)
9443	JAX-17782A-B5-1
9424	BL4483
9426	BL4485
9432	BL4481
9433	BL4487
9434	JAX-12045A-A7-1
9435	JAX-12652A-F5-1
9438	JAX-13078A-B4-1
9440	JAX-18654A-F5-1
9441	JAX-DEPD00548_3_A09-1
9444	JAX-14171A-A2-1
9445	JAX-18731A-C12-1
9446	JAX-15630B-C4-1
9448	JAX-19162A-A6-1
9449	JAX-12053A-G2-1
9451	JAX-13357A-A1-1
9452	JAX-11713A-F8-1
9454	JAX-11786A-F7-1
9453	JAX-12474B-D10-1
9418	MGKD
9465	Vps4a <HEPD0779_2_A10>
9467	Gm17359 <HEPD0779_8_A09>
9469	Camk1 <HEPD0782_8_A02>
9470	Slc35e2 <HEPD0783_3_A05>
9471	Tbx10 <HEPD0792_3_B09>
9460	JAX-EPD0742_2_D11-1
9455	JAX-10776A-A12-1
9505	Cep19 <HEPD0820_4_B02>
9507	9930012K11Rik <HEPD0788_5_B02>
9509	Ap1ar <HEPD0784_3_B12>
9510	Pla2g4e <HEPD0784_2_A06>
9517	TCPA0608
9533	BL4521
9539	BLA2307
9541	EIG2306
9560	JAX-EPD0889_5_D01-1
9555	JAX-DEPD00567_7_D03-1
9556	JAX-HEPD0632_4_F11-1
9558	JAX-EPD0776_3_C08-1
9562	JAX-EPD0102_4_B10-1
9565	JAX-HEPD0764_5_E02-1
9571	JAX-DEPD00011_3_A09-1
9616	BL4546
9630	JAX-EPD0336_1_F05-1
9656	TCPA0658
9661	BL4563
9682	BL4576
9685	BL4583
9686	Spata24 <EPD0617_2_C03>
9688	Chmp3 <HEPD0823_8_D03>
9703	BLA2326
9716	BLA2344
9725	BL4585
9729	BL4588
9736	BL4596
9737	BL4597
9741	BL4601
9751	BL4610
9760	Ndufs7 <HEPD0790_3_A09>
9762	Patl1 <EPD0241_3_G08>
9763	Pmpcb <HEPD0778_6_A10>
9766	BLA2356
9769	BLA2360
9771	BLA2362
9789	TCPA0749
9791	TCPA0741
9800	TCPM0746
9805	JAX-18773A-E11-1
9807	JAX-10263A-F9-1
9809	JAX-17597C-B10-1
9811	JAX-11515B-H12-1
9812	JAX-13336A-F3-1
9828	JAX-12237B-E2-1
9824	JAX-19258A-B11-1
9825	JAX-11485A-F4-1
9826	JAX-10392A-E12-1
9829	JAX-16025A-A2-1
9844	BL3616
9806	JAX-11854A-A1-1
9816	MGKY
9853	Cdkl2 <HEPD0779_2_A03>
9855	Ptch2 <HEPD0788_4_C06>
9861	Sun2 <HEPD0793_3_A12>
9862	Pja2 <EPD0241_5_E09>
9864	BLA2367
9865	BLA2368
9867	BLA2373
9868	BLA2372
9869	BLA2375
9874	BL4655
9878	BL4665
9879	BL4666
9880	BL4667
9881	BL4668
9884	BLA 2377
9887	BL4674
9885	MGDV
9899	JAX-13674A-B9-1
9902	JAX-15467A-D10-1
9904	JAX-HEPD0788_6_B09-1
9908	JAX-17270C-G8-1
9911	JAX-19191A-A1-1
9912	JAX-13782A-H5-1
9913	JAX-17512A-B7-1
9914	JAX-12092A-G2-1
9915	JAX-HEPD0686_5_H08-1
9937	Polr1a <HEPD0779_7_B03>
9938	Zscan21 <EPD0370_1_F02>
9939	Eif1ad <HEPD0780_3_A03>
9898	JAX-13522A-A2-1
9906	JAX-EPD0282_6_H06-1
9952	BL4700
9955	BL4702
9980	BL4710
9995	BLA2389
9996	BLA2390
9997	BLA2391
9998	BLA2393
10003	BL4731
10004	BL4736
10005	BL4735
10026	BL4746
10043	Il3 <DEPD00507_5_A03>
10053	Tbccd1 <HEPD0780_2_G08>
10095	BL4765
10106	JAX-12470A-H9-1
10107	JAX-13862A-E11-1
10108	JAX-15477A-E6-1
10116	JAX-10231B-H11-1
10118	JAX-11135B-A6-1
10119	JAX-11187B-E2-1
10120	JAX-EPD0110_4_B05-1
10129	BLA2411
10135	BL4779
10138	BL4784
10110	JAX-DEPD00521_1_A04-1
10150	BL4790
10153	BL4794
10154	Dact2 EPD0533_1_F07
10157	Cyp7b1 EPD0599_1_A05
10213	JAX-16234C-E2-1
10115	JAX-18862A-E10-1
10111	JAX-DEPD00581_2_D04-1
10121	JAX-DEPD0005_5_G07-1
10038	Dos <HEPD0791_5_A12>
10117	JAX-10712A-A11-1
10203	JAX-EPD0391_7_D08-1
10167	BL4225
10169	BL4802
10174	JAX-HEPD0756_4_F07-1
10177	JAX-HEPD0535_5_H05-1
10193	BLA2421
10198	JAX-HEPD0700_1_B04-1
10200	JAX-EPD0394_4_A01-1
10202	JAX-DEPD00577_4_D04-1
10206	JAX-14930A-H9-1
10207	JAX-12880A-F1-1
10208	JAX-11288A-A10-1
10219	Spo11 EPD0238_4_D11
10221	Acadm HEPD0824_6_A12
10248	BL4840
10250	BL4842
10254	BL4848
10280	BL4868
10282	BL4870
10283	BL4871
10286	BLA2429
10289	BLA2432
10291	BLA2438
10215	JAX-18077A-E5-1
10234	JAX-DEPD00534_4_E12-1
10216	JAX-11792A-E10-1
10233	JAX-14348A-A7-1
10293	BLA2441
10297	BL4875
10300	BLA 2243
10305	BL4881
10311	Ldb3 HEPD0792_6_A09
10313	Zfp871 EPD0801_4_B07
10318	Cabp5 EPD0294_5_A06
10321	Asb8 EPD0410_3_D02
10383	Rps19bp1 EPD0407_4_G11
10384	Prg2 HEPD0778_7_C08
10386	Taf6 HEPD0771_3_A02
10388	Smarcb1 HEPD0744_6_B09
10389	Myof EPD0819_6_C08
10404	BL4909
10406	BL4911
10408	BL4913
10414	Bhmt HEPD0786_5_E08
10415	Cpne5 HEPD0813_1_B08
10418	BL4921
10444	BL4929
10467	BL4948
10480	JAX-HEPD0673_6_D02-1
10483	JAX-HEPD0746_3_D08-1
10492	JAX-HEPD0534_5_E11-1
10478	JAX-13491A-G1-2
10477	JAX-13464A-B8-2
10476	JAX-16457A-A6-2
10471	JAX-18894A-F10-2
10472	JAX-14015A-G3-2
10473	JAX-15237A-C6-2
10474	JAX-13630A-A7-2
10475	JAX-13636A-B2-2
10543	Smarcad1 HEPD0733_3_A06
10505	JAX-13544A-F2-1
10511	JAX-13683A-E4-1
10512	JAX-EPD0082_6_A03-1
10541	Igfbp7 HEPD0811_5_A05
10545	Gna13 EPD0366_5_E12
10395	WSCDB
10288	BLA2431
10548	Rccd1 EPD0387_4_C07
10549	Slurp1 HEPD0845_7_A04
10550	Eif4e1b HEPD0813_6_D10
10546	Rbm34 HEPD0779_1_B02
10515	JAX-HEPD0580_5_C04-1
10554	Rsph1 HEPD0859_5_A07
10563	BL4972
10572	BL4990
10587	BL4997
10594	BL5003
10596	BL5002
10599	BL5006
10602	JAX-EPD0739_5_C02-2
10606	BL5011
10612	BL5019
10632	BL5023
10634	BL5034
10638	BL5037
10657	BL5042
10669	BLA2479
10676	BLA2464
10684	JAX-EPD0592_3_B04-2
10708	JAX-EPD0898_4_F05-1
10734	Jtb HEPD0823_4_A01
10752	Gdf11 HEPD0802_3_E05
10724	Col13a1 EPD0510_3_A04
10733	Lypla1 HEPD0790_2_B11
10771	TCPA0803
10773	TCPA0796
10774	TCPA0797
10778	TCPA0801
11371	BL5300
11364	BL5281
11377	BL5309
11427	JAX-12058A-B5-1
11430	JAX-11066A-C12-1
11426	JAX-15989A-E12-1
11431	JAX-12911A-G3-1
11432	JAX-14312A-C12-1
11469	BLA2638
11512	BL5376
11505	BL5373
11520	BL5378
11521	BL5379
11504	BL5372
11567	BL5404
11568	BL5405
11575	BL5409
11374	BL5306
11399	BL5322
11402	BL5325
11492	BL5365
11255	BLA2543
10656	BL5041
9546	BLA2316
6448	Glp1r(F05)
8793	MGFZ
8901	MGGM
8922	MGGR
8057	EIG2071
6943	Plac9(A09)
7250	BLA1943
9100	BLA2225
5073	MEWW
6779	MFRF
6971	MFSP
7328	MFWL
7330	MFWQ
7638	MFYR
6908	MFSB
6586	MFNK
8491	MGDR
6766	Lifr (B09)
4251	MEJU
11468	BLA2637
11835	BLA2682
9818	MGLA
12390	TCPA0865
12418	TCPM0893
12416	TCPA0879
12429	BLA2778
12402	TCPA0852
12392	TCPA0874
11557	BL5398
12231	JAX-14363A-E1-1
12230	JAX-15552A-B8-1
12443	JAX-16142A-G2-1
6964	MFRY
5655	MFAZ
11405	BL5331
9121	JAX-15734A-E2-1
9907	JAX-10313A-C10-1
12442	JAX-DEPD00542_3_B09-1
10310	Fam26f EPD0537_4_A03
11020	Pmepa1 HEPD0877_6_A04
11089	Psca HEPD0743_1_C02
11033	Atf7 HEPD0817_5_A07
10755	Mboat4 HEPD0796_6_B05
11092	Morc2a EPD0658_1_C03
11024	Mslnl EPD0665_5_D01
11015	Pkia HEPD0677_4_C03
11017	Rnft2 HEPD0725_1_F05
11019	Sirpa HEPD0880_5_A03
11084	Sox10 HEPD0596_5_H11
10804	JAX-EPD0204_5_A03-2
10799	JAX-HEPD0663_8_F10-2
9756	Dnah1 <HEPD0824_2_B02>
9162	BL4276
9781	BL4627
11595	BLA2661
12225	JAX-12806A-A3-1
12446	JAX-13907A-C10-1
12948	BLA2923
13141	BLA2960
13079	TCPA1022
13228	JR24810
11999	BLA2714
13232	BL4656
7154	BL3551
13324	BLA2965
11671	BLA2667
12529	JAX-DEPD00525_3_F11-1
13321	BL1216
8908	BL4264
13267	BLA2976
12594	BLA2829
13325	BLA2967
13331	BLA2982
13418	JAX-HEPD0703_3_A01-1
12459	Tnfaip2 HEPD0826_7_B04
12460	Tmem86b HEPD0809_6_E01
11714	JAX-EPD0334_4_H02-1
12604	Clic5 HEPD0953_2_A06
9457	JAX-EPD0838_4_A06-1
13320	BL1129
13390	BLA2999
13339	BLA2992
7198	TCPM0223
12536	JAX-EPD0865_1_B07-1
13365	JAX-EPD0346_3_A03-1
13364	JAX-EPD0152_1_C02-1
13593	TCPA0965
13607	TCPA1012
13592	TCPA0964
13026	JAX-EPD0305_5_H03-1
13564	JAX-EPD0531_1_B09-1
13694	JAX-HEPD0678_1_D08-1
13750	JAX-HEPD0933_4_G06-1
13594	TCPA0967
13761	TCPA1021
13731	TCPM0988
13754	JAX-14409A-C2-2 JR27104
13753	JAX-EPD0394_3_G06-2
13624	BLA3054
13551	TCPA0939
13747	JAX-EPD0927_2_E02-1
13805	JAX-11301B-D4-1
13122	ARMCB
13110	NLRPB
5659	Paqr6 <EPD0490_5_C10>
5622	Foxj3 EPD0536_5_B08
5620	Dnajc15 <EPD0314_3_D12>
5143	BCM-EPD0459_3_A04-1
11031	Ift172 HEPD0797_8_B05
12527	JAX-EPD0740_4_G01-1
13741	TCPA0987
13739	TCPA0983
14034	JAX-HEPD0638_4_G06-1
14188	JAX-HEPD0524_2_A08-1
14185	JAX-EPD0442_1_H11-1
14041	JAX-HEPD0515_2_B06-1
14187	JAX-HEPD0705_5_H05-1
14039	JAX-EPD0653_3_C12-1
14190	JAX-EPD0770_2_E05-1
14195	JAX-EPD0489_2_E04-1
14196	JAX-EPD0425_6_F05-1
13905	TCPA0999
13911	TCPA1006
13914	TCPA1025
13984	JAX-HEPD0641_3_C10-1
13912	TCPA1023
13910	TCPA1005
4343	Alg10b 10825A-D5
13906	TCPA1001
7708	Mthfd2 <EPD0752_2_A07>
7169	Tmem43 <EPD0541-2-E03>
11297	Qrfpr EPD0762_1_A04
11163	Tek HEPD0646_3_C05
11164	Gcdh HEPD0802_2_A06
11693	N28178 HEPD0820_7_B05
11410	Dppa4 HEPD0825_2_B03
11335	Csk HEPD0640_2_A05
7432	Gstcd <EPD0785_3_F03>
11542	Poli HEPD0662_3_B10
11541	Fgf12 EPD0574_3_B12
11337	Nmu HEPD0804_7_B06
11412	Pank3 DEPD00521_8_A12
11415	Gpr114 EPD0636_1_H03
11416	Nme7 HEPD0804_6_A07
10849	Cd300a HEPD0824_6_H04
7592	Frmd4b <EPD0425_6_H01>
8243	JAX-EPD0569_1_D04-1
11414	Nudt5 HEPD0511_5_A03
6258	JAX-EPD0505_4_B10-1
10800	JAX-EPD0850_2_B03-2
10821	JAX-HEPD0678_2_F05-1
10843	Gdpd5 HEPD0811_1_C08
10847	Flywch2 HEPD0805_2_G03
10916	JAX-EPD0234_6_C05-2
10951	TCPM0603
11032	Lamtor5 HEPD0818_5_A06
10981	JAX-EPD0514_1_B09-1
11027	Kifc3 HEPD0811_5_A11
11538	Kcng3 EPD0527_3_B09
4350	Tfeb <EPD0454_1_A04>
4349	Nxn EPD0045_1_A11
4710	TCPA0004
4707	TCPA0002
11079	Nup133 EPD0595_5_H08
4837	BCM-1-E3-1
4884	TCPA0005
5011	Boc(E05)
5142	BCM-EPD0694_3_B05-1
5157	TCPA0048
5162	TCPA0007
5225	Hace1(D02)
11093	JAX-DEPD00534_4_G01-2
5658	Ascc2 <EPD0792_5_A06>
11698	Mmgt2 EPD0783_5_A06
5797	Igfbp3(A08)
7645	TCPA0102
5921	Clu (B02)
5853	Acat2 EPD0797_6_H04
5854	Adsl EPD0306_3_D03
5877	1700023E05Rik <EPD0762_5_G04>
5884	Vps37d <EPD0554_9_D02>
6000	TCPA0076
6062	Dapk1-(B11)
11108	JAX-EPD0742_4_C08-1
6059	Ethe1(A03)
6116	Spata5 <EPD0549_4_C03>
6117	Fbxl13 <EPD0727_4_H11>
6131	Cacna1b(A07)
6202	Mmp16 (A10)
4348	Nr1d1 11705A-E7
5149	BCM-10584B-F8-2
6309	JAX-EPD0346_5_B07-1
6312	JAX-DEPD00518_3_C02-1
6398	TCPM0202
6447	Fgf22(F04)
6456	Fbxw9 <EPD0485_1_H05>
6521	1700125H20Rik <EPD0473_3_E11>
6523	Ftsj1 <EPD0155_5_B01>
6513	Fbxl16 <EPD0380_3_F03>
6514	Memo1 <EPD0785_3_A06>
6651	BL3309
6771	JAX-DEPD00524_4_E10-1
6739	Dst <EPD0545_3_C01>
7434	Mmp15 <EPD0097_3_C09>
7429	Iqsec3 <EPD0085_7_C11>
7405	JAX-EPD0730_2_F11-1
7641	TCPA0528
7799	BLA2026
7868	TCPM0549
7870	TCPM0551
7424	Dsg2 <EPD0156_5_D01>
12608	Map3k12 HEPD0717_2_A03
7589	Itgb8 <EPD0099_1_D06>
12603	Tmem161b HEPD0809_5_C07
12611	1700029F12Rik HEPD0823_5_A01
12613	VPSNB
12610	Erc1 HEPD0819_6_A01
12612	Hnrnpab HEPD0797_4_C02
12614	PDETB
7416	BL3683
12635	TCPA0885
12629	TCPA0883
12644	SLCAB
12645	TRMBB
12653	MPPTB
12642	GPRNB
12646	TMTHB
12647	GPOTB
12648	PSMFB
12659	GMOSB
12660	UBRFB
12662	ODFNB
12651	SBKNB
12654	TMPRB
12657	FNTFB
12689	JAX-EPD0539_5_F01-1
12692	JAX-EPD0107_2_B05-1
7872	TCPA0545
12696	JAX-EPD0901_4_A08-1
12699	JAX-DEPD00525_1_E02-1
12703	JAX-EPD0577_1_C01-1
12711	JAX-DEPD0003_20_H02-1
9256	JAX-HEPD0601_5_E07-1
7380	Mthfd1 <EPD0271_1_E05>
12730	TCPA0889
12019	Tnni1 HEPD0809_7_C05
11342	Has3 EPD0788_1_A03
12032	Shf HEPD0815_3_B05
12028	Tra2a HEPD0809_7_D04
11828	Morn1 EPD0679_3_B04
12009	Sec63 HEPD0812_7_A03
7689	Lefty1 <EPD0334_7_D01>
11827	Fastkd2 EPD0605_3_B08
12650	TSPAB
11100	JAX-HEPD0611_4_F08-1
11161	JAX-EPD0284_1_C05-1
12033	Tatdn2 HEPD0821_6_H06
12011	Adamts4 HEPD0760_6_B03
10775	TCPA0798
12842	JAX-EPD0901_5_D12-1
12838	JAX-EPD0932_3_H07-1
12846	JAX-EPD0719_1_E12-1
12882	TCPA0900
12883	TCPA0901
12916	ANKRB
12915	MUSTB
12911	PSGOB
12878	TCPA0896
12887	TCPA0906
12876	TCPA0894
11546	Mpzl2 HEPD0819_7_B11
12027	Stx1a HEPD0820_2_E05
12907	MRPLB
12909	APOLB
12913	RCNTB
12908	NOLFB
12244	Mef2b HEPD0810_9_H11
12014	Rpl7l1 HEPD0815_2_A06
12927	JAX-HEPD0594_4_E08-1
12961	APHAB
12966	CYBFB
12959	SMIMB
12928	JAX-HEPD0711_6_D09-1
12891	TCPA0920
12888	TCPA0907
10103	JAX-EPD0208_2_A04-1
12926	JAX-HEPD0741_5_G05-1
8449	Lrrfip1 <EPD0415_4_B04>
3516	BL1324
13021	JAX-DEPD00524_3_A06-1
13011	TCPA0913
13010	TCPA0912
12965	ARRDB
12964	PRRSB
13013	TCPA1078
13025	JAX-EPD0090_1_B07-1
12963	CHPTB
13022	JAX-DEPD00576_1_A06-1
8237	Zfp592 <EPD0819_1_A01>
11708	Slc44a1 HEPD0816_5_A01
13029	JAX-HEPD0755_6_B08-1
13028	JAX-HEPD0755_4_C05-1
13055	JAX-HEPD0778_6_G06-1
13069	TCPA0926
13057	JAX-HEPD0682_8_H05-1
13056	JAX-HEPD0706_1_C09-1
13051	JAX-HEPD0697_4_H11-1
10366	JAX-DEPD00577_2_F08-1
7710	Podn <EPD0868_1_D02>
4650	Ublcp1 EPD0652_6_B08
4351	Tead1 EPD0207_2_C09
9790	TCPA0740
7194	TCPA0501
7196	TCPA0503
7379	Bbox1 <EPD0963_2_H05>
6892	BL2808
9792	TCPA0742
6888	BL2991
5619	Fgfr4 <EPD0354_5_C09>
6520	Cyp2ab1 <EPD0902_2_C06>
7388	Egln3 <EPD0354-1-A11>
6101	Greb1 <EPD0165_2_G03>
6743	Fxr2 <EPD0910_1_H09>
10045	Snx21 <EPD0235_3_C01>
11614	JAX-DEPD00539_8_A08-1
11577	BL5411
10320	Prpf3 EPD0613_4_A01
7810	JAX-EPD0653_2_D02-1
11592	BL5419
11624	JAX-EPD0430_5_E03-1
11629	JAX-EPD0168_2_A08-1
11632	JAX-EPD0351_3_G05-1
11696	Plcd4 HEPD0803_8_A07
11697	Nudt13 HEPD0804_7_A10
11618	JAX-EPD0897_2_G08-1
11695	Ell3 HEPD0824_1_C02
11649	BL5443
11682	JAX-EPD0763_2_A06-1
11703	Slc10a2 DEPD00535_4_A07
11715	JAX-EPD0503_3_D09-1
11704	Rbp1 HEPD0799_3_D06
11713	JAX-EPD0815_3_G11-1
11718	JAX-EPD0860_2_D04-1
11709	JAX-EPD0094_3_B10-1
11711	JAX-EPD0755_2_F06-1
11720	JAX-EPD0923_1_G10-1
11702	Ppara PD0157_5_A06
11757	BL4836
11694	Slc35d1 HEPD0808_5_A09
11831	Spata31d1c HEPD0801_7_A09
11826	Zfp160 EPD0637_2_H11
11710	JAX-EPD0739_2_C12-1
10394	Aldoa EPD0407_5_H03
11759	ET7908
11583	JAX-EPD0241_2_A07-1
11617	JAX-EPD0896_1_H01-1
11582	JAX-EPD0938_2_C02-1
11619	JAX-EPD0735_3_B11-1
11724	JAX-EPD0393_2_C09-1
11712	JAX-EPD0852_3_D01-1
11722	JAX-DEPD00539_8_F12-1
11911	JAX-HEPD0886_5_C09-1
12007	Ldlrad1 EPD0604_2-F05
12004	Hoxb13 EPD0334_2_E01
12006	Zfp235 EPD0700_3_B03
12010	Slc25a1 EPD0336_2_D03
12012	Rfx8 HEPD0663_8_C02
12013	3110079O15Rik HEPD0552_3_D11
12017	Zbtb5 HEPD0804_5_C08
12008	Snai3 HEPD0813_5_A12
12035	Trim3 HEPD0820_1_C09
12029	Trim55 HEPD0809_7_B12
12036	Zfp580 HEPD0820_9_G08
12074	JAX-EPD0603_4_E09-1
12078	JAX-DEPD00522_1_C01-1
12081	TCPM0815
12073	JAX-DEPD0003_13_A01-1
6115	Hibadh <EPD0809_4_D04>
5615	Gpx3(D05)
12180	JAX-EPD0663_2_B04-1
12097	TCPA0843
11206	JAX-DEPD00536_4_C05-1
12183	JAX-EPD0208_4_B08-1
12181	JAX-EPD0612_2_C09-1
11183	JAX-EPD0135_2_A05-1
11185	JAX-EPD0503_4_F01-1
12253	Brd4 EPD0445_5_C02
12020	Tspear HEPD0797_1_E11
12247	Axin2 EPD0685_5_F12
12242	A930017K11Rik EPD0398_3_C09
12240	Smagp DEPD00526_6_C06
12249	Trib2 EPD0096_1_C01
5660	BCM-EPD0807_2_A02-1
6176	Cct4 <EPD0504_1_D05>
6501	1700007G11Rik <EPD0546_8_E04>
7170	Dgcr2 <EPD0117-3-A04>
7590	Gyg <EPD0124_3_D02>
12241	Oasl1 HEPD0565_7_C01
12022	Wbp1l HEPD0797_6_B06
12238	Apoa1bp HEPD0945_3_E12
12245	Trub1 HEPD0563_5_G11
12246	Muc5ac HEPD0814_3_H06
5053	Nos1ap EPD0804_4_E01
4358	Mapkap1 EPD0609_2_F05
6721	Lss <EPD0107_5_A09>
7058	Adamts13 <EPD0423_2_B08>
5903	C1rl (A04)
6120	1700023A16Rik <EPD0382_4_B12>
12255	JAX-HEPD0760_8_D04-1
12079	JAX-EPD0825_1_D03-1
11207	JAX-DEPD0007_6_E07-1
12252	Trim31 HEPD0802_4_A06
12250	Tmed3 HEPD0811_8_E05
12239	Cln3 EPD0370_2_A02
6129	F10 (G07)
7383	Cspg4 <EPD0346_2_G12>
5881	Rims3 <EPD0506_1_B10>
6056	Fgf10(A02)
6441	Rgs5(B12)
11306	Ctsh EPD0082_4_H04
11301	Lrrc51 HEPD0832_4_E06
11296	Adam20 HEPD0824_7_C11
11293	Nrbp2 EPD0530_4_D04
11340	Zfp148 HEPD0855_7_A07
11336	Zfp830 HEPD0851_5_B09
11339	Nr2c2 EPD0066_3_A01
4838	BCM-1-E12-1
6038	JAX-DEPD00520_2_A09-2
6130	Mpo(C03)
6162	Smo EPD0663_4_H05
6164	Ptgr1 <EPD0045_3_G02>
6503	Fmnl3 <EPD0101_2_B04>
6516	Arf1 <EPD0632_3_C04>
7197	TCPA0504
7587	Gnai1 <EPD0667_1_A12>
7874	TCPA0546
7926	JAX-EPD0624_1_H07-2
8186	JAX-EPD0479_4_E10-2
8189	Rft1 <EPD0707_2_E09>
8392	P2RX4 <EPD0850_1_E11>
6505	1700012B09Rik <EPD0681_2_D02>
8487	Cox5b <HEPD0817_8_E08>
8709	Ccdc94 <EPD0399_2_G08>
8898	JAX-DEPD00575_1_A05-1
8900	JAX-EPD0085_2_H10-1
8928	Sox30 <EPD0500_4_A06>
8931	2310008H04Rik <HEPD0823_1_B01>
9078	TCPA0695
9107	BLA2238
9259	JAX-HEPD0789_6_F04-1
9260	JAX-HEPD0719_3_G08-1
9270	Ash2l <EPD0127_3_B02>
9275	Ubxn7 <EPD0787_1_G10>
9459	JAX-DEPD0003_16_E02-1
9794	TCPA0745
9852	Hmmr <HEPD0778_4_A09>
9944	Kcnj13 <EPD0299_1_B11>
10039	Cldn12 <EPD0803_2_A06>
10175	JAX-DEPD00583_7_C07-1
10196	JAX-EPD0282_6_A12-1
10052	Zfp930 <EPD0833_3_C01>
10382	Arhgap40 EPD0601_1_H07
10392	Marcks EPD0493_2_E02
10387	Ppm1m HEPD0814_1_A05
10481	JAX-EPD0428_7_H01-1
10508	JAX-DEPD00519_2_F12-1
10514	JAX-EPD0842_5_F11-1
10613	TCPA0721
10707	JAX-EPD0699_2_D05-1
10728	Abhd8 EPD0545_5_F11
10753	Flywch1 HEPD0820_7_C09
10754	Hspbap1 HEPD0819_4_A11
10726	Gigyf2 EPD0780_3_G12
10758	Alg14 HEPD0817_2_A10
10759	Bcl7a EPD0599_3_F04
12960	ZFPNB
10041	Plscr3 <EPD0321_4_H08>
10396	Map4k5 HEPD0702_7_C05
9687	Stra13 <EPD0388_5_C02>
9858	Eme1 <EPD0391_6_A06>
10049	Rin1 <EPD0390_5_F02>
10156	Rad9a EPD0663_5_A10
10732	Emg1 EPD0412_4_D09
10057	BLA2403
11457	JAX-EPD0490_5_F02-1
11461	JAX-DEPD00560_2_B08-1
11465	JAX-EPD0267_4_C09-1
11691	Pkd1 HEPD0812_1_A01
11706	Slc7a8 HEPD0835_1_A06
11543	Rab4a HEPD0841_3_E11
5902	Atp2a2 (B04)
3766	BL1813
12401	TCPA0862
12405	TCPA0866
12408	TCPA0869
12417	TCPA0880
12414	TCPA0877
12471	Zfp595 EPD0288_2_A05
11168	Dcakd HEPD0832_6_F03
11029	Ift43 HEPD0821_3_b10
12468	Abhd15 EPD0531_4_A03
12470	Abca17 EPD0227_6_F05
11087	Cubn HEPD0669_3_A10
10845	Gkap1 HEPD0797_8_D03
11080	Hmcn2 EPD0423_2_C01
11023	Lep HEPD0764_6_C04
12461	Slc25a47 HEPD0855_2_B12
12463	Pfdn5 EPD0242_1_C04
12458	Exoc6 EPD0668_1_H04
12450	Tnpo2 HEPD0823_8_B09
12453	Slc7a2 HEPD0823_8_B06
12452	Clybl HEPD0820_5_D12
12457	Atg13 HEPD0797_7_E11
12462	Tespa1 HEPD0797_2_D01
12464	Msmb HEPD0819_7_A05
12440	JAX-EPD0315_2_B08-1
10966	JAX-EPD0748_5_A03-2
13111	DHXSB
13124	GINMB
13128	AWFFB
13131	CCBLB
13112	DDXTB
13113	NUPSB
13118	OASAB
13126	TMCOB
13129	CESAB
13133	DEFBB
13114	FAMWB
13076	TCPA1050
12957	CYPGB
12605	Milr1 HEPD0674_3_A01
12533	JAX-EPD0817_6_G06-1
13503	FKBBB
13483	TCPM0957
13497	POMOB
13363	JAX-EPD0771_3_F02-1
13378	JAX-HEPD0647_2_C11-1
13371	JAX-EPD0867_4_G04-1
13407	JAX-EPD0044_1_B02-1
13383	JAX-HEPD0652_5_C12-1
13399	JAX-EPD0496_2_C05-1
13369	JAX-DEPD00532_2_D02-1
13368	JAX-DEPD00562_2_B07-1
13385	JAX-EPD0822_4_A03-1
13404	JAX-EPD0174_1_G02-1
13406	JAX-EPD0244_2_E01-1
13397	JAX-HEPD0774_6_H07-1
13373	JAX-EPD0507_4_E01-1
13366	JAX-EPD0728_4_E11-1
13384	JAX-EPD0628_1_C10-1
13409	JAX-EPD0271_5_H05-1
13380	JAX-HEPD0677_1_C11-1
13574	JAX-EPD0680_2_H02-1
13633	ARIDB
13626	CAROB
13629	CDTEB
13625	OSCRB
13627	RIKOB
13572	JAX-HEPD0674_1_E02-1
13630	EYONB
13606	TCPA1011
13604	TCPA0975
13605	TCPA0976
13595	TCPA0969
13599	TCPA0970
13600	TCPM0971
13640	JAX-HEPD0718_2_C10-1
13689	JAX-EPD0805_2_C01-1
13639	JAX-EPD0113_4_G12-1
13692	JAX-HEPD0510_5_H11-1
13712	JAX-HEPD0746_2_D02-1
13641	JAX-HEPD0837_2_B04-1
13654	TCPA0979
13714	JAX-HEPD0688_6_D11-1
13653	TCPA0978
13716	JAX-HEPD0722_8_H07-1
13711	JAX-HEPD0754_1_F03-1
13696	JAX-HEPD0698_4_C07-1
12710	JAX-DEPD00577_6_C12-1
12606	Ubp1 DEPD00526_5_B08
12912	RHOHB
12649	SRSFB
12962	SULTB
13381	JAX-HEPD0720_1_C02-1
13763	TCPA0993
13764	TCPA0991
13806	JAX-HEPD0637_4_F12-1
13748	JAX-HEPD0712_7_H05-1
13749	JAX-HEPD0681_4_B12-1
13752	JAX-HEPD0764_3_E08-1
13729	TCPA0985
13915	TCPA1026
13810	TCPM0994
10934	BLA2531
16328	PIGQB
4556	BL2350
15838	BLA3712
13123	BENDB
17000	GMIPB
17002	MANJB
17006	BORCB
16999	SKILB
16998	MAFZB
16997	MAKAB
17001	ANKSB
17003	FSWXB
17004	JUNBB
17005	SRRMB
